folds,params_used,pinball_loss_10,pinball_loss_30,pinball_loss_50,pinball_loss_70,pinball_loss_90,mape,mse,mae,rmse,r2,adjusted_r2
0,"{'learning_rate': 0.01, 'max_depth': 8, 'n_estimators': 500, 'reg_alpha': 0.5}",0.026469615889351174,0.06061353535621429,0.07975178753800362,0.08142215545263273,0.05398006717789582,1360651526777.8054,0.12383943451235054,0.15950357507600724,0.35190827570881383,0.6036922604744922,0.6036907020423334
1,"{'learning_rate': 0.01, 'max_depth': 8, 'n_estimators': 500, 'reg_alpha': 0.5}",0.026381692376522964,0.06050208926035313,0.07950296414506638,0.08108909968140135,0.0533474586835284,1419502232772.2441,0.12301283483400348,0.15900592829013277,0.3507318560296505,0.606927850458572,0.6069263047499788
2,"{'learning_rate': 0.01, 'max_depth': 8, 'n_estimators': 500, 'reg_alpha': 0.5}",0.026591526441646834,0.06091979595298042,0.07995731914244018,0.0814978617924192,0.05382722062915861,1305856204293.1787,0.12295167316643098,0.15991463828488037,0.3506446536972024,0.6069761794266038,0.6069746339019808
0,"{'learning_rate': 0.01, 'max_depth': 8, 'n_estimators': 500, 'reg_alpha': 0.7}",0.02646373307356222,0.060610467065363334,0.07967739646333735,0.0814318325716009,0.05397732314815245,1371136678012.2527,0.12361253998699963,0.1593547929266747,0.3515857505460078,0.6044183624371393,0.6044168068602886
1,"{'learning_rate': 0.01, 'max_depth': 8, 'n_estimators': 500, 'reg_alpha': 0.7}",0.026388745677200783,0.06046318474576495,0.07951203222935893,0.08106582169635428,0.05335662936135344,1426522479342.2588,0.12307898565226963,0.15902406445871786,0.3508261473326491,0.6067164737809685,0.606714927241162
2,"{'learning_rate': 0.01, 'max_depth': 8, 'n_estimators': 500, 'reg_alpha': 0.7}",0.026579675341373704,0.060915015846325665,0.07992804842522834,0.08150893314907222,0.05376927872859463,1308985702281.628,0.12292952199967344,0.15985609685045668,0.3506130659283442,0.607046987216079,0.6070454419699002
0,"{'learning_rate': 0.01, 'max_depth': 8, 'n_estimators': 750, 'reg_alpha': 0.5}",0.025598193646961014,0.05948788654257125,0.0789002788053036,0.08071247256042768,0.05335823653879289,1087061247572.75,0.12030888039393021,0.1578005576106072,0.34685570543661265,0.614990647999058,0.6149891339964391
1,"{'learning_rate': 0.01, 'max_depth': 8, 'n_estimators': 750, 'reg_alpha': 0.5}",0.02555157953181406,0.0594483514668211,0.07858638688283781,0.08020084304158975,0.05270160590048047,1152503407698.3035,0.1188405987392835,0.15717277376567562,0.3447326482062346,0.6202597097914535,0.6202582165087815
2,"{'learning_rate': 0.01, 'max_depth': 8, 'n_estimators': 750, 'reg_alpha': 0.5}",0.025727132986533188,0.05983799942834578,0.0789629790605493,0.0806757597959807,0.05320248749816035,1049532970308.303,0.11908247317862178,0.1579259581210986,0.3450832844091724,0.6193443540321892,0.6193428571441053
0,"{'learning_rate': 0.01, 'max_depth': 8, 'n_estimators': 750, 'reg_alpha': 0.7}",0.025599694026015925,0.05949780275071162,0.078819728863447,0.08076139526286126,0.05334392354937648,1098655212422.5527,0.11999954953914384,0.157639457726894,0.3464095113289239,0.615980560560502,0.6159790504505942
1,"{'learning_rate': 0.01, 'max_depth': 8, 'n_estimators': 750, 'reg_alpha': 0.7}",0.025528625842029157,0.05936098934473746,0.07859654684658302,0.0801560060443784,0.05273115217733995,1157457816466.3147,0.11892668985030973,0.15719309369316603,0.3448574920895727,0.6199846163988563,0.6199831220344129
2,"{'learning_rate': 0.01, 'max_depth': 8, 'n_estimators': 750, 'reg_alpha': 0.7}",0.025710704937418623,0.05979923978856285,0.07900718233689735,0.08066939848765384,0.053123295700054335,1049471294952.7043,0.1193186322242698,0.1580143646737947,0.34542529181325127,0.6185894547453945,0.618587954888749
0,"{'learning_rate': 0.01, 'max_depth': 8, 'n_estimators': 1000, 'reg_alpha': 0.5}",0.0253926209214281,0.05905038422431048,0.07822194864766165,0.08020376665983564,0.05308446558536164,1013354782883.815,0.11754648490140678,0.1564438972953233,0.34285052851265485,0.6238307942547989,0.6238293150149838
1,"{'learning_rate': 0.01, 'max_depth': 8, 'n_estimators': 1000, 'reg_alpha': 0.5}",0.02533712039170547,0.05907310707401528,0.07798832692716676,0.07966335209936441,0.052461197016276356,1075095326204.1394,0.11644870435732471,0.1559766538543335,0.3412458122194684,0.6279027095439698,0.627901246316468
2,"{'learning_rate': 0.01, 'max_depth': 8, 'n_estimators': 1000, 'reg_alpha': 0.5}",0.025518494472165885,0.059427256142887824,0.07835085706447847,0.08013343180397961,0.052918724982624836,984212980386.6495,0.11662175673925688,0.15670171412895695,0.34149927780195505,0.6272102101969754,0.6272087442405392
0,"{'learning_rate': 0.01, 'max_depth': 8, 'n_estimators': 1000, 'reg_alpha': 0.7}",0.025382654513660684,0.05907923833353666,0.07820238311155207,0.08025586521015116,0.0530855299738821,1026976171085.7053,0.11762453298590099,0.15640476622310415,0.34296433194415565,0.6235810268034051,0.6235795465814098
1,"{'learning_rate': 0.01, 'max_depth': 8, 'n_estimators': 1000, 'reg_alpha': 0.7}",0.025334706161456416,0.05903730275805245,0.07800322065026322,0.07956064993528421,0.052498430827358396,1073308197091.5062,0.11655322835842978,0.15600644130052643,0.3413989284670205,0.6275687161533736,0.6275672516124834
2,"{'learning_rate': 0.01, 'max_depth': 8, 'n_estimators': 1000, 'reg_alpha': 0.7}",0.025493819619078584,0.05939167438748531,0.07842002782017257,0.08010208891513693,0.05287042937643447,981860987497.3986,0.11699226515721875,0.15684005564034514,0.3420413208330519,0.6260258535287677,0.6260243829149742
0,"{'learning_rate': 0.01, 'max_depth': 9, 'n_estimators': 500, 'reg_alpha': 0.5}",0.026501633463534603,0.06061166608898969,0.0796878268368542,0.08140542540822676,0.05393303216208734,1373132848568.0522,0.12385206151300361,0.1593756536737084,0.35192621600699714,0.6036518518751999,0.6036502932841392
1,"{'learning_rate': 0.01, 'max_depth': 9, 'n_estimators': 500, 'reg_alpha': 0.5}",0.026416950562501745,0.06052800054366833,0.07950576034995216,0.08106554210494958,0.053324844348564965,1432630820777.506,0.12332824995662246,0.15901152069990432,0.35118122096237214,0.6059199808292522,0.6059184311573339
2,"{'learning_rate': 0.01, 'max_depth': 9, 'n_estimators': 500, 'reg_alpha': 0.5}",0.02660397743652058,0.06089613495002603,0.07991975215478153,0.08146219260705184,0.05382381411112766,1305829826887.6255,0.12292264047921657,0.15983950430956306,0.3506032522370786,0.6070689844885981,0.6070674393289213
0,"{'learning_rate': 0.01, 'max_depth': 9, 'n_estimators': 500, 'reg_alpha': 0.7}",0.026504337577554955,0.06059574455661732,0.07968209211373874,0.08140219165483574,0.053958707984196864,1355343164946.1174,0.12381173102238857,0.15936418422747747,0.351868911702055,0.6037809164630069,0.603779358379477
1,"{'learning_rate': 0.01, 'max_depth': 9, 'n_estimators': 500, 'reg_alpha': 0.7}",0.026435829321800535,0.060511078536811744,0.07948486808213182,0.08105895201826452,0.053303566951139636,1430153133155.5598,0.12321392603702223,0.15896973616426363,0.35101841267520745,0.6062852886354003,0.6062837404000107
2,"{'learning_rate': 0.01, 'max_depth': 9, 'n_estimators': 500, 'reg_alpha': 0.7}",0.02661868233406291,0.06094865061146503,0.07995499628713008,0.08147088191357786,0.05377387776022622,1313253747131.3699,0.12317888183777138,0.15990999257426017,0.35096849123214946,0.6062498906516902,0.6062483422710134
0,"{'learning_rate': 0.01, 'max_depth': 9, 'n_estimators': 750, 'reg_alpha': 0.5}",0.025602255977136706,0.059489751069039074,0.07884677456282552,0.08068227822124052,0.05334062738082377,1092423583526.1282,0.12017777235834146,0.15769354912565103,0.3466666588501719,0.6154102165268247,0.6154087041741081
1,"{'learning_rate': 0.01, 'max_depth': 9, 'n_estimators': 750, 'reg_alpha': 0.5}",0.025543292818326343,0.05946658132410627,0.07858749679051673,0.08013526388455512,0.05273630779302351,1164483286667.6453,0.11910645870678771,0.15717499358103346,0.3451180359048013,0.6194101874709175,0.6194086908476019
2,"{'learning_rate': 0.01, 'max_depth': 9, 'n_estimators': 750, 'reg_alpha': 0.5}",0.025720481279987585,0.05978851089123999,0.07897848555369565,0.08060076870107379,0.05320188441966267,1043992485791.262,0.11914974693999213,0.1579569711073913,0.3451807453204656,0.6191293086404741,0.6191278109067468
0,"{'learning_rate': 0.01, 'max_depth': 9, 'n_estimators': 750, 'reg_alpha': 0.7}",0.025601392223446297,0.059485664738028354,0.07883286871209319,0.08067056818596197,0.05333108426588824,1080703694494.973,0.12010457088023486,0.15766573742418638,0.3465610637106178,0.6156444739944286,0.6156429625629011
1,"{'learning_rate': 0.01, 'max_depth': 9, 'n_estimators': 750, 'reg_alpha': 0.7}",0.025545728973129667,0.059446147438596296,0.07853093629096232,0.08013698448746787,0.052713029743132724,1168691982671.161,0.11857960290898474,0.15706187258192464,0.3443538919614308,0.6210936893690749,0.6210921993659266
2,"{'learning_rate': 0.01, 'max_depth': 9, 'n_estimators': 750, 'reg_alpha': 0.7}",0.02571403713761806,0.05983012835035088,0.07898022316599662,0.08063168214821782,0.05316101493802529,1051836320808.5983,0.11934462738415491,0.15796044633199324,0.34546291752394337,0.6185063593568461,0.6185048591734366
0,"{'learning_rate': 0.01, 'max_depth': 9, 'n_estimators': 1000, 'reg_alpha': 0.5}",0.025369599804352765,0.05907434529854787,0.07826078054590373,0.08020124149647465,0.053067662510392154,1017092633881.3895,0.11790506164481304,0.15652156109180745,0.34337306482135876,0.6226832862805793,0.6226818025283282
1,"{'learning_rate': 0.01, 'max_depth': 9, 'n_estimators': 1000, 'reg_alpha': 0.5}",0.025318441273542266,0.0590929823890477,0.07796895021690695,0.07952471032885886,0.052502507592363974,1083735624793.0983,0.11651172822023054,0.1559379004338139,0.3413381435178766,0.6277013246616667,0.6276998606422434
2,"{'learning_rate': 0.01, 'max_depth': 9, 'n_estimators': 1000, 'reg_alpha': 0.5}",0.02549855302812725,0.05936987312207301,0.07833453719645381,0.08008281115667819,0.052962799390746995,984119582893.3569,0.11662720120722013,0.15666907439290761,0.34150724912836056,0.6271928065655747,0.6271913405407006
0,"{'learning_rate': 0.01, 'max_depth': 9, 'n_estimators': 1000, 'reg_alpha': 0.7}",0.025388031988557904,0.05905464103892407,0.07820352212393895,0.08015850288392304,0.05303781750700206,1007561126423.6245,0.1176407494898495,0.1564070442478779,0.3429879728064083,0.623529131168964,0.6235276507428954
1,"{'learning_rate': 0.01, 'max_depth': 9, 'n_estimators': 1000, 'reg_alpha': 0.7}",0.025333565930704814,0.059053350248305644,0.07785910141396754,0.07950860520746655,0.052414634869168246,1092085690888.8658,0.11591546972862503,0.15571820282793508,0.34046360999176556,0.6296065941995486,0.6296051376723668
2,"{'learning_rate': 0.01, 'max_depth': 9, 'n_estimators': 1000, 'reg_alpha': 0.7}",0.02550662517190365,0.05941728156856967,0.07840765157856897,0.08006467401896844,0.05290067757801607,982617633602.6545,0.11701870185012714,0.15681530315713793,0.3420799641167649,0.6259413467483181,0.6259398758022106
0,"{'learning_rate': 0.01, 'max_depth': 10, 'n_estimators': 500, 'reg_alpha': 0.5}",0.02650469499057181,0.06062424981421087,0.07969107235967231,0.08139290585366218,0.05391953762536213,1368975124070.581,0.12396257577783236,0.15938214471934462,0.3520831943984722,0.6032981869973515,0.6032966270155466
1,"{'learning_rate': 0.01, 'max_depth': 10, 'n_estimators': 500, 'reg_alpha': 0.5}",0.026427921516179724,0.060561494668367015,0.07946539882127135,0.08101002331624955,0.05331987858639789,1427992357410.6406,0.12314940920675725,0.1589307976425427,0.3509265011462617,0.6064914441084295,0.6064898966837212
2,"{'learning_rate': 0.01, 'max_depth': 10, 'n_estimators': 500, 'reg_alpha': 0.5}",0.026616711029363842,0.0609266289085353,0.07994506410810306,0.0814162611982059,0.05377615172949378,1311754251069.2747,0.1231287874973623,0.15989012821620613,0.35089711810922913,0.6064100207951006,0.6064084730441187
0,"{'learning_rate': 0.01, 'max_depth': 10, 'n_estimators': 500, 'reg_alpha': 0.7}",0.026529793969013026,0.06060465773748114,0.07968703866198566,0.08136140744585331,0.05391761367252423,1359598541701.567,0.12402451336877558,0.15937407732397132,0.3521711421578656,0.6030999759286801,0.6030984151674342
1,"{'learning_rate': 0.01, 'max_depth': 10, 'n_estimators': 500, 'reg_alpha': 0.7}",0.026432498174928754,0.060553400407356815,0.07947693451732238,0.0810283642008794,0.053301989601198155,1431704746395.58,0.12316851399839589,0.15895386903464476,0.35095372059346497,0.6064303971329161,0.606428849468148
2,"{'learning_rate': 0.01, 'max_depth': 10, 'n_estimators': 500, 'reg_alpha': 0.7}",0.026611846283327193,0.06092684264047143,0.07993722694649073,0.08145024156533257,0.053756659183475566,1312155976914.7993,0.12316799840435888,0.15987445389298147,0.35095298603140407,0.6062846803253121,0.606283132081442
0,"{'learning_rate': 0.01, 'max_depth': 10, 'n_estimators': 750, 'reg_alpha': 0.5}",0.025603283640211482,0.05948586119241713,0.07878911629760382,0.08065678234710039,0.05324587006507325,1094391415554.6672,0.12006483139697977,0.15757823259520765,0.34650372493954484,0.6157716472558437,0.6157701363244097
1,"{'learning_rate': 0.01, 'max_depth': 10, 'n_estimators': 750, 'reg_alpha': 0.5}",0.025547800226012562,0.05943767456817408,0.07847490017955562,0.08010819568502979,0.052706704296467594,1161999790675.821,0.11831553127541032,0.15694980035911124,0.3439702476601869,0.6219374972918993,0.6219360106069234
2,"{'learning_rate': 0.01, 'max_depth': 10, 'n_estimators': 750, 'reg_alpha': 0.5}",0.025711383534873015,0.059794475057850814,0.07898373560075074,0.08059649653637162,0.053134919414299306,1050524389055.9185,0.11937334354838436,0.15796747120150148,0.34550447688616764,0.6184145660832205,0.6184130655388438
0,"{'learning_rate': 0.01, 'max_depth': 10, 'n_estimators': 750, 'reg_alpha': 0.7}",0.025604386865298725,0.05947408469378115,0.07881505843016508,0.08066567021872541,0.053284921426728575,1083133863597.9368,0.12020492565471326,0.15763011686033016,0.3467058200473613,0.6153233212535368,0.6153218085591152
1,"{'learning_rate': 0.01, 'max_depth': 10, 'n_estimators': 750, 'reg_alpha': 0.7}",0.025552747726271353,0.05939240418898346,0.07850418722888691,0.08015242003361839,0.05268832025461208,1165217067549.3765,0.11855782387334649,0.15700837445777382,0.3443222674666082,0.621163281557279,0.6211617918277934
2,"{'learning_rate': 0.01, 'max_depth': 10, 'n_estimators': 750, 'reg_alpha': 0.7}",0.0257216978173047,0.05981055874001951,0.078951456321291,0.08063357561884367,0.05313775085179311,1055687227759.9426,0.11917134011460662,0.157902912642582,0.34521202197288353,0.6190602845128088,0.6190587865076516
0,"{'learning_rate': 0.01, 'max_depth': 10, 'n_estimators': 1000, 'reg_alpha': 0.5}",0.02539141963894968,0.0590320548496686,0.07814829736932252,0.08018071127821806,0.05301729811715766,1026736193680.6567,0.1173962397008881,0.15629659473864504,0.3426313466408001,0.6243116050403663,0.6243101276912812
1,"{'learning_rate': 0.01, 'max_depth': 10, 'n_estimators': 1000, 'reg_alpha': 0.5}",0.02531836514609944,0.059065439681107466,0.07787352274906653,0.07945906255025657,0.052440760021409225,1087883967842.569,0.11604121874830835,0.15574704549813306,0.3406482331501344,0.6292047789130677,0.629203320805796
2,"{'learning_rate': 0.01, 'max_depth': 10, 'n_estimators': 1000, 'reg_alpha': 0.5}",0.025482397859978023,0.059369658803122186,0.07827926622058116,0.08006323621791667,0.05287640048852801,982754376736.5752,0.1164595431660666,0.15655853244116233,0.3412616930832797,0.6277287374901975,0.6277272735728152
0,"{'learning_rate': 0.01, 'max_depth': 10, 'n_estimators': 1000, 'reg_alpha': 0.7}",0.025367415026118827,0.05901123085366922,0.07814876534791854,0.08011449456508644,0.052983706430522574,1016792572429.5732,0.11739672688450337,0.15629753069583707,0.3426320575843763,0.6243100459680235,0.6243085686128077
1,"{'learning_rate': 0.01, 'max_depth': 10, 'n_estimators': 1000, 'reg_alpha': 0.7}",0.025329622882561246,0.05899092245788454,0.07792181536157505,0.07950719159607761,0.05244300624103863,1088112569040.3525,0.11633810040520312,0.1558436307231501,0.3410837146584444,0.6282561306586596,0.6282546688209436
2,"{'learning_rate': 0.01, 'max_depth': 10, 'n_estimators': 1000, 'reg_alpha': 0.7}",0.02550389030527952,0.05934349697585063,0.07830795418817126,0.08006250052635532,0.05289789784749653,992419732932.1476,0.11656684380882464,0.1566159083763425,0.3414188685600499,0.6273857433081691,0.6273842780419983
0,"{'learning_rate': 0.001, 'max_depth': 8, 'n_estimators': 500, 'reg_alpha': 0.5}",0.03798438611801602,0.09208443444090356,0.12350936407291568,0.13043395834993207,0.09115794114789126,6923110083548.834,0.26013385970008573,0.24701872814583137,0.510033194704115,0.16752638351635019,0.16752310991473762
1,"{'learning_rate': 0.001, 'max_depth': 8, 'n_estimators': 500, 'reg_alpha': 0.5}",0.03790790678378043,0.09194260098313423,0.12312603780995107,0.1302159521243672,0.09115017535072209,7049950913868.053,0.26042844951318544,0.24625207561990214,0.510321907733918,0.16783341681357222,0.16783014441933086
2,"{'learning_rate': 0.001, 'max_depth': 8, 'n_estimators': 500, 'reg_alpha': 0.5}",0.038086987202314695,0.09255796279751306,0.12389941062156548,0.13117335325019802,0.09145475556751506,6899759510392.008,0.2603133685605899,0.24779882124313096,0.5102091419806096,0.16788969175291546,0.16788641956710104
0,"{'learning_rate': 0.001, 'max_depth': 8, 'n_estimators': 500, 'reg_alpha': 0.7}",0.03798461222364256,0.09206978339398851,0.12350873314632342,0.13042365849063436,0.09116401447609353,6924436336834.683,0.2601172875958843,0.24701746629264684,0.510016948341802,0.16757941713347801,0.16757614374041374
1,"{'learning_rate': 0.001, 'max_depth': 8, 'n_estimators': 500, 'reg_alpha': 0.7}",0.0379073229264546,0.09190317029054586,0.12312736531435146,0.13021186296952375,0.09115643413312684,7050307018517.57,0.26045893925913305,0.24625473062870293,0.5103517799117909,0.16773599063853306,0.16773271786117505
2,"{'learning_rate': 0.001, 'max_depth': 8, 'n_estimators': 500, 'reg_alpha': 0.7}",0.03808926276981383,0.09253911758578125,0.12390792031152759,0.1311769698038368,0.09145871113512082,6902026256071.276,0.2603611633689265,0.24781584062305517,0.5102559782784779,0.16773691222830833,0.1677336394417045
0,"{'learning_rate': 0.001, 'max_depth': 8, 'n_estimators': 750, 'reg_alpha': 0.5}",0.036711193814949035,0.08518869952446953,0.11211684333653756,0.1160510472834488,0.08080419310939818,6071410082204.745,0.23064818426456907,0.2242336866730751,0.4802584556929415,0.2618856756614303,0.26188277311629904
1,"{'learning_rate': 0.001, 'max_depth': 8, 'n_estimators': 750, 'reg_alpha': 0.5}",0.03663963098473287,0.0850403810186017,0.11177165879664652,0.11582853810287966,0.08071265677882904,6178508494607.42,0.23120788437014247,0.22354331759329304,0.4808408098010635,0.2612040831110397,0.26120117788562836
2,"{'learning_rate': 0.001, 'max_depth': 8, 'n_estimators': 750, 'reg_alpha': 0.5}",0.03680919912798833,0.08567323792871909,0.11254660005851568,0.1166373337758485,0.08099680533421573,6037223871412.005,0.23080053515601381,0.22509320011703135,0.4804170429491587,0.26222957539900116,0.2622266741948053
0,"{'learning_rate': 0.001, 'max_depth': 8, 'n_estimators': 750, 'reg_alpha': 0.7}",0.036709934188981976,0.08516600538513425,0.11212474439390659,0.11604528054468269,0.08081156867025312,6071066579437.785,0.23069204186293715,0.22424948878781317,0.4803041139350538,0.26174532371506753,0.2617424206180192
1,"{'learning_rate': 0.001, 'max_depth': 8, 'n_estimators': 750, 'reg_alpha': 0.7}",0.036640233005345975,0.085002932401453,0.11175301888435747,0.11581687661281204,0.08071607257384439,6183744500440.64,0.23112535251848185,0.22350603776871494,0.48075498179268183,0.26146780333488184,0.26146489914651827
2,"{'learning_rate': 0.001, 'max_depth': 8, 'n_estimators': 750, 'reg_alpha': 0.7}",0.03680968395491881,0.08565475826130266,0.11254637384393706,0.1166456331668864,0.08099584351543967,6036809104865.852,0.23079624677307234,0.22509274768787413,0.4804125797406562,0.26224328352191106,0.26224038237162095
0,"{'learning_rate': 0.001, 'max_depth': 8, 'n_estimators': 1000, 'reg_alpha': 0.5}",0.035646405731370685,0.079793747770574,0.10368868846655546,0.10611617401561547,0.07376731566431038,5362900134703.939,0.20782133210952328,0.20737737693311092,0.4558742503251563,0.33493557461867207,0.3349329593334158
1,"{'learning_rate': 0.001, 'max_depth': 8, 'n_estimators': 1000, 'reg_alpha': 0.5}",0.03551000096840166,0.07965741957734632,0.10338203677361978,0.10583694557670927,0.07355295374349863,5463124961636.496,0.2084186907294874,0.20676407354723955,0.4565289593547023,0.33402410504400304,0.3340214861745031
2,"{'learning_rate': 0.001, 'max_depth': 8, 'n_estimators': 1000, 'reg_alpha': 0.5}",0.03569102188883107,0.08026259069087438,0.10413398973841098,0.10654974463478002,0.07374653306054717,5312662821766.808,0.20772498674359122,0.20826797947682196,0.4557685670859622,0.33599221697444603,0.3359896058340398
0,"{'learning_rate': 0.001, 'max_depth': 8, 'n_estimators': 1000, 'reg_alpha': 0.7}",0.035648903088804744,0.07976914601095382,0.10367915495977217,0.10611421328621869,0.07377977020174757,5361941517954.0625,0.20775666295297499,0.20735830991954435,0.45580331608378516,0.33514252717259485,0.3351399127011544
1,"{'learning_rate': 0.001, 'max_depth': 8, 'n_estimators': 1000, 'reg_alpha': 0.7}",0.03551302016839805,0.07962286980951941,0.10338403961924722,0.10583927268316334,0.0735494364775226,5466718238027.757,0.20843083028637677,0.20676807923849444,0.45654225465599213,0.33398531460618064,0.33398269558414206
2,"{'learning_rate': 0.001, 'max_depth': 8, 'n_estimators': 1000, 'reg_alpha': 0.7}",0.035693560589744065,0.08025995134154958,0.10414042263340476,0.10656168272307043,0.0737461724099977,5311891840605.312,0.20777097340900408,0.2082808452668095,0.4558190138739323,0.3358452173080688,0.335842605589602
0,"{'learning_rate': 0.001, 'max_depth': 9, 'n_estimators': 500, 'reg_alpha': 0.5}",0.03798438611801602,0.09208443444090356,0.12350936407291568,0.1304383674816192,0.09115794114789126,6923110083548.834,0.26013385970008573,0.24701872814583137,0.510033194704115,0.16752638351635019,0.16752310991473762
1,"{'learning_rate': 0.001, 'max_depth': 9, 'n_estimators': 500, 'reg_alpha': 0.5}",0.03790677788816206,0.09194260098313423,0.12312603780995107,0.13021813897846002,0.09115017535072209,7049950913868.053,0.26042844951318544,0.24625207561990214,0.510321907733918,0.16783341681357222,0.16783014441933086
2,"{'learning_rate': 0.001, 'max_depth': 9, 'n_estimators': 500, 'reg_alpha': 0.5}",0.038086987202314695,0.09255593286665291,0.12389941062156548,0.13117335325019802,0.09145475556751506,6899759510392.008,0.2603133685605899,0.24779882124313096,0.5102091419806096,0.16788969175291546,0.16788641956710104
0,"{'learning_rate': 0.001, 'max_depth': 9, 'n_estimators': 500, 'reg_alpha': 0.7}",0.03798461222364256,0.09206978339398851,0.12350873314632342,0.13042141940815524,0.09116401447609353,6924436336834.683,0.2601172875958843,0.24701746629264684,0.510016948341802,0.16757941713347801,0.16757614374041374
1,"{'learning_rate': 0.001, 'max_depth': 9, 'n_estimators': 500, 'reg_alpha': 0.7}",0.03790639644325657,0.09190317029054586,0.12312736531435146,0.13021601928970766,0.09115643413312684,7050307018517.57,0.26045893925913305,0.24625473062870293,0.5103517799117909,0.16773599063853306,0.16773271786117505
2,"{'learning_rate': 0.001, 'max_depth': 9, 'n_estimators': 500, 'reg_alpha': 0.7}",0.03808926276981383,0.0925308378341929,0.12390792031152759,0.13118376810531435,0.09145871113512082,6902026256071.276,0.2603611633689265,0.24781584062305517,0.5102559782784779,0.16773691222830833,0.1677336394417045
0,"{'learning_rate': 0.001, 'max_depth': 9, 'n_estimators': 750, 'reg_alpha': 0.5}",0.0367128525884335,0.08518869952446953,0.11211684333653756,0.116050795322561,0.08080419310939818,6071410082204.745,0.23064818426456907,0.2242336866730751,0.4802584556929415,0.2618856756614303,0.26188277311629904
1,"{'learning_rate': 0.001, 'max_depth': 9, 'n_estimators': 750, 'reg_alpha': 0.5}",0.0366406353070423,0.0850403810186017,0.11177165879664652,0.11582715136337506,0.08071265677882904,6178508494607.42,0.23120788437014247,0.22354331759329304,0.4808408098010635,0.2612040831110397,0.26120117788562836
2,"{'learning_rate': 0.001, 'max_depth': 9, 'n_estimators': 750, 'reg_alpha': 0.5}",0.03680919912798833,0.0856865143435094,0.11254660005851568,0.1166373337758485,0.08099667976328791,6037223871412.005,0.23080053515601381,0.22509320011703135,0.4804170429491587,0.26222957539900116,0.2622266741948053
0,"{'learning_rate': 0.001, 'max_depth': 9, 'n_estimators': 750, 'reg_alpha': 0.7}",0.03670965277248752,0.08516600538513425,0.11212474439390659,0.11604364139777877,0.08081156867025312,6071066579437.785,0.23069204186293715,0.22424948878781317,0.4803041139350538,0.26174532371506753,0.2617424206180192
1,"{'learning_rate': 0.001, 'max_depth': 9, 'n_estimators': 750, 'reg_alpha': 0.7}",0.03664023422441664,0.085002932401453,0.11175301888435747,0.11582533099160493,0.08071607257384439,6183744500440.64,0.23112535251848185,0.22350603776871494,0.48075498179268183,0.26146780333488184,0.26146489914651827
2,"{'learning_rate': 0.001, 'max_depth': 9, 'n_estimators': 750, 'reg_alpha': 0.7}",0.03680968395491881,0.08566179305570168,0.11254637384393706,0.1166480748488168,0.08099584351543967,6036809104865.852,0.23079624677307234,0.22509274768787413,0.4804125797406562,0.26224328352191106,0.26224038237162095
0,"{'learning_rate': 0.001, 'max_depth': 9, 'n_estimators': 1000, 'reg_alpha': 0.5}",0.035639937951032034,0.079793747770574,0.10368868846655546,0.10612071411959069,0.0737696302869863,5362900134703.939,0.20782133210952328,0.20737737693311092,0.4558742503251563,0.33493557461867207,0.3349329593334158
1,"{'learning_rate': 0.001, 'max_depth': 9, 'n_estimators': 1000, 'reg_alpha': 0.5}",0.035517958395160656,0.07965741957734632,0.10338203677361978,0.10584043396456468,0.0735527275031563,5463124961636.496,0.2084186907294874,0.20676407354723955,0.4565289593547023,0.33402410504400304,0.3340214861745031
2,"{'learning_rate': 0.001, 'max_depth': 9, 'n_estimators': 1000, 'reg_alpha': 0.5}",0.03568763782645859,0.08028262802749925,0.10413398973841098,0.10654974463478002,0.0737462391451751,5312662821766.808,0.20772498674359122,0.20826797947682196,0.4557685670859622,0.33599221697444603,0.3359896058340398
0,"{'learning_rate': 0.001, 'max_depth': 9, 'n_estimators': 1000, 'reg_alpha': 0.7}",0.03564659145520613,0.07976914601095382,0.10367915495977217,0.10610942297687637,0.07378285751386482,5361941517954.0625,0.20775666295297499,0.20735830991954435,0.45580331608378516,0.33514252717259485,0.3351399127011544
1,"{'learning_rate': 0.001, 'max_depth': 9, 'n_estimators': 1000, 'reg_alpha': 0.7}",0.035511612458635614,0.07962286980951941,0.10338403961924722,0.10583823894957256,0.07355143950285334,5466718238027.757,0.20843083028637677,0.20676807923849444,0.45654225465599213,0.33398531460618064,0.33398269558414206
2,"{'learning_rate': 0.001, 'max_depth': 9, 'n_estimators': 1000, 'reg_alpha': 0.7}",0.035695261099669695,0.08025182522769947,0.10414042263340476,0.10655992918656651,0.07374456553862707,5311891840605.312,0.20777097340900408,0.2082808452668095,0.4558190138739323,0.3358452173080688,0.335842605589602
0,"{'learning_rate': 0.001, 'max_depth': 10, 'n_estimators': 500, 'reg_alpha': 0.5}",0.03798438611801602,0.09208443444090356,0.12350936407291568,0.1304383674816192,0.09115794114789126,6923110083548.834,0.26013385970008573,0.24701872814583137,0.510033194704115,0.16752638351635019,0.16752310991473762
1,"{'learning_rate': 0.001, 'max_depth': 10, 'n_estimators': 500, 'reg_alpha': 0.5}",0.03790677788816206,0.09194260098313423,0.12312603780995107,0.13021813897846002,0.09115017535072209,7049950913868.053,0.26042844951318544,0.24625207561990214,0.510321907733918,0.16783341681357222,0.16783014441933086
2,"{'learning_rate': 0.001, 'max_depth': 10, 'n_estimators': 500, 'reg_alpha': 0.5}",0.038086987202314695,0.09255593286665291,0.12389941062156548,0.13117335325019802,0.09145475556751506,6899759510392.008,0.2603133685605899,0.24779882124313096,0.5102091419806096,0.16788969175291546,0.16788641956710104
0,"{'learning_rate': 0.001, 'max_depth': 10, 'n_estimators': 500, 'reg_alpha': 0.7}",0.03798461222364256,0.09206978339398851,0.12350873314632342,0.13042141940815524,0.09116401447609353,6924436336834.683,0.2601172875958843,0.24701746629264684,0.510016948341802,0.16757941713347801,0.16757614374041374
1,"{'learning_rate': 0.001, 'max_depth': 10, 'n_estimators': 500, 'reg_alpha': 0.7}",0.03790639644325657,0.09190317029054586,0.12312736531435146,0.13021601928970766,0.09115643413312684,7050307018517.57,0.26045893925913305,0.24625473062870293,0.5103517799117909,0.16773599063853306,0.16773271786117505
2,"{'learning_rate': 0.001, 'max_depth': 10, 'n_estimators': 500, 'reg_alpha': 0.7}",0.03808926276981383,0.0925308378341929,0.12390792031152759,0.13118376810531435,0.09145871113512082,6902026256071.276,0.2603611633689265,0.24781584062305517,0.5102559782784779,0.16773691222830833,0.1677336394417045
0,"{'learning_rate': 0.001, 'max_depth': 10, 'n_estimators': 750, 'reg_alpha': 0.5}",0.0367128525884335,0.08518869952446953,0.11211684333653756,0.116050795322561,0.08080419310939818,6071410082204.745,0.23064818426456907,0.2242336866730751,0.4802584556929415,0.2618856756614303,0.26188277311629904
1,"{'learning_rate': 0.001, 'max_depth': 10, 'n_estimators': 750, 'reg_alpha': 0.5}",0.0366406353070423,0.0850403810186017,0.11177165879664652,0.11582715136337506,0.08071265677882904,6178508494607.42,0.23120788437014247,0.22354331759329304,0.4808408098010635,0.2612040831110397,0.26120117788562836
2,"{'learning_rate': 0.001, 'max_depth': 10, 'n_estimators': 750, 'reg_alpha': 0.5}",0.03680919912798833,0.0856865143435094,0.11254660005851568,0.1166373337758485,0.08099667976328791,6037223871412.005,0.23080053515601381,0.22509320011703135,0.4804170429491587,0.26222957539900116,0.2622266741948053
0,"{'learning_rate': 0.001, 'max_depth': 10, 'n_estimators': 750, 'reg_alpha': 0.7}",0.03670965277248752,0.08516600538513425,0.11212474439390659,0.11604364139777877,0.08081156867025312,6071066579437.785,0.23069204186293715,0.22424948878781317,0.4803041139350538,0.26174532371506753,0.2617424206180192
1,"{'learning_rate': 0.001, 'max_depth': 10, 'n_estimators': 750, 'reg_alpha': 0.7}",0.03664023422441664,0.085002932401453,0.11175301888435747,0.11582533099160493,0.08071607257384439,6183744500440.64,0.23112535251848185,0.22350603776871494,0.48075498179268183,0.26146780333488184,0.26146489914651827
2,"{'learning_rate': 0.001, 'max_depth': 10, 'n_estimators': 750, 'reg_alpha': 0.7}",0.03680968395491881,0.08566179305570168,0.11254637384393706,0.1166480748488168,0.08099584351543967,6036809104865.852,0.23079624677307234,0.22509274768787413,0.4804125797406562,0.26224328352191106,0.26224038237162095
0,"{'learning_rate': 0.001, 'max_depth': 10, 'n_estimators': 1000, 'reg_alpha': 0.5}",0.035639937951032034,0.079793747770574,0.10368868846655546,0.10612071411959069,0.0737696302869863,5362900134703.939,0.20782133210952328,0.20737737693311092,0.4558742503251563,0.33493557461867207,0.3349329593334158
1,"{'learning_rate': 0.001, 'max_depth': 10, 'n_estimators': 1000, 'reg_alpha': 0.5}",0.0355205596309992,0.07965741957734632,0.10338203677361978,0.10584043396456468,0.0735527275031563,5463124961636.496,0.2084186907294874,0.20676407354723955,0.4565289593547023,0.33402410504400304,0.3340214861745031
2,"{'learning_rate': 0.001, 'max_depth': 10, 'n_estimators': 1000, 'reg_alpha': 0.5}",0.03568763782645859,0.08028262802749925,0.10413398973841098,0.10654974463478002,0.0737462391451751,5312662821766.808,0.20772498674359122,0.20826797947682196,0.4557685670859622,0.33599221697444603,0.3359896058340398
0,"{'learning_rate': 0.001, 'max_depth': 10, 'n_estimators': 1000, 'reg_alpha': 0.7}",0.03564659145520613,0.07976914601095382,0.10367915495977217,0.10610942297687637,0.07378285751386482,5361941517954.0625,0.20775666295297499,0.20735830991954435,0.45580331608378516,0.33514252717259485,0.3351399127011544
1,"{'learning_rate': 0.001, 'max_depth': 10, 'n_estimators': 1000, 'reg_alpha': 0.7}",0.035511612458635614,0.07962286980951941,0.10338403961924722,0.10583823894957256,0.07355143950285334,5466718238027.757,0.20843083028637677,0.20676807923849444,0.45654225465599213,0.33398531460618064,0.33398269558414206
2,"{'learning_rate': 0.001, 'max_depth': 10, 'n_estimators': 1000, 'reg_alpha': 0.7}",0.035695261099669695,0.08025182522769947,0.10414042263340476,0.10655992918656651,0.07374456553862707,5311891840605.312,0.20777097340900408,0.2082808452668095,0.4558190138739323,0.3358452173080688,0.335842605589602
0,"{'learning_rate': 0.03, 'max_depth': 8, 'n_estimators': 500, 'reg_alpha': 0.5}",0.02520793855024575,0.05856798713972597,0.07746900076009294,0.07933479892360673,0.05262266015447228,918634189665.2452,0.11493560888054355,0.1549380015201859,0.3390215463367241,0.6321860518355856,0.6321846054518084
1,"{'learning_rate': 0.03, 'max_depth': 8, 'n_estimators': 500, 'reg_alpha': 0.5}",0.025147724222041805,0.058499593030500334,0.07696442940637871,0.07881183436517315,0.05189232606643994,1000843612122.8912,0.11290145632081283,0.15392885881275742,0.3360081194269163,0.6392374975971827,0.6392360789423615
2,"{'learning_rate': 0.03, 'max_depth': 8, 'n_estimators': 500, 'reg_alpha': 0.5}",0.025313378455990177,0.058801364300941454,0.07753716449884525,0.07941169715749408,0.05255482358307079,926679217357.0905,0.1138129162993677,0.1550743289976905,0.33736169951458284,0.6361888696380062,0.636187438989199
0,"{'learning_rate': 0.03, 'max_depth': 8, 'n_estimators': 500, 'reg_alpha': 0.7}",0.025184871508458367,0.05858198293734313,0.07744431055901432,0.07919350819558837,0.05263234944856808,946895275800.7583,0.11491779055605936,0.15488862111802865,0.3389952662738218,0.6322430735744708,0.6322416274149247
1,"{'learning_rate': 0.03, 'max_depth': 8, 'n_estimators': 500, 'reg_alpha': 0.7}",0.02512219820366796,0.05839258891389209,0.0771135958965264,0.0787698765622124,0.051960836109297005,1003265930793.1854,0.11301987494188992,0.1542271917930528,0.3361842871728093,0.6388591056838893,0.6388576855410876
2,"{'learning_rate': 0.03, 'max_depth': 8, 'n_estimators': 500, 'reg_alpha': 0.7}",0.02530142691664994,0.05885694444055402,0.07740058714820797,0.07928583619514912,0.05241536611089552,916631635159.2234,0.11351065115758653,0.15480117429641593,0.3369134178948451,0.6371550817910381,0.637153654941758
0,"{'learning_rate': 0.03, 'max_depth': 8, 'n_estimators': 750, 'reg_alpha': 0.5}",0.025039068430755342,0.058023519799803,0.07664178114105179,0.07864853306276041,0.052158479959108016,847089159120.0034,0.11241136953523816,0.15328356228210357,0.33527804809626016,0.6402640569790891,0.6402626423610882
1,"{'learning_rate': 0.03, 'max_depth': 8, 'n_estimators': 750, 'reg_alpha': 0.5}",0.02496720017682924,0.05787837601779513,0.07629081509032717,0.07798515812017233,0.05137289619694967,919883264713.3114,0.11082378386303465,0.15258163018065435,0.33290206347067697,0.6458764404369599,0.6458750478889768
2,"{'learning_rate': 0.03, 'max_depth': 8, 'n_estimators': 750, 'reg_alpha': 0.5}",0.0251310908924989,0.05825583633050287,0.07665041649081004,0.07849878530536777,0.0518869102194105,853014852147.6744,0.1114268893953914,0.1533008329816201,0.3338066646958856,0.6438159753588231,0.6438145747028028
0,"{'learning_rate': 0.03, 'max_depth': 8, 'n_estimators': 750, 'reg_alpha': 0.7}",0.02502794876908768,0.05790202878056377,0.07666664787523078,0.07867610947312276,0.052164971861442304,880064978041.089,0.11250420456181935,0.15333329575046156,0.33541646435710243,0.6399669687399667,0.6399655529537023
1,"{'learning_rate': 0.03, 'max_depth': 8, 'n_estimators': 750, 'reg_alpha': 0.7}",0.0249871073011784,0.057863428638792125,0.07642370984190332,0.0779284327757371,0.05130249597929236,893938592447.5544,0.11115250045357697,0.15284741968380663,0.33339541156647157,0.64482606762823,0.6448246709497831
2,"{'learning_rate': 0.03, 'max_depth': 8, 'n_estimators': 750, 'reg_alpha': 0.7}",0.025122229629362034,0.058337689477536044,0.07662727827323142,0.0787165664443933,0.051936601184755335,847351891270.4697,0.1115060087832197,0.15325455654646283,0.3339251544631217,0.6435630645745704,0.6435616629240052
0,"{'learning_rate': 0.03, 'max_depth': 8, 'n_estimators': 1000, 'reg_alpha': 0.5}",0.02493867655346092,0.057634885447273944,0.07603755164248523,0.07832965427151546,0.051925054390417544,814187976350.2753,0.11065016892432457,0.15207510328497045,0.332641201483407,0.6459002053974872,0.6458988129429568
1,"{'learning_rate': 0.03, 'max_depth': 8, 'n_estimators': 1000, 'reg_alpha': 0.5}",0.024875431174858856,0.057504927198449775,0.07583310861514757,0.07764008476621509,0.051064427801249514,880990762607.6931,0.10920235064038997,0.15166621723029514,0.33045778949873456,0.6510575277846571,0.651056155610672
2,"{'learning_rate': 0.03, 'max_depth': 8, 'n_estimators': 1000, 'reg_alpha': 0.5}",0.02508329056952878,0.057849994260691526,0.0761868179434083,0.07819169420793687,0.05154441454486592,822801371538.2576,0.11028361950563444,0.1523736358868166,0.33208977627387815,0.6474705193633652,0.6474691330784529
0,"{'learning_rate': 0.03, 'max_depth': 8, 'n_estimators': 1000, 'reg_alpha': 0.7}",0.024845871761031108,0.057547783042396036,0.07601038786017807,0.07791484747356954,0.05191824505095622,844383277167.255,0.11074613786793323,0.15202077572035613,0.33278542316022985,0.6455930880785494,0.6455916944163175
1,"{'learning_rate': 0.03, 'max_depth': 8, 'n_estimators': 1000, 'reg_alpha': 0.7}",0.024864761873076638,0.057466461336944955,0.07600240935109559,0.07756500575361554,0.05114108949418401,849696676855.6362,0.10999438556941384,0.15200481870219118,0.3316540148549597,0.6485266790932713,0.6485252969670305
2,"{'learning_rate': 0.03, 'max_depth': 8, 'n_estimators': 1000, 'reg_alpha': 0.7}",0.025027317267349233,0.05795021367890151,0.07602850146061528,0.07808197149851562,0.05151406534374282,805692362773.6694,0.10946633258569496,0.15205700292123056,0.33085696695958355,0.6500830354805267,0.6500816594690577
0,"{'learning_rate': 0.03, 'max_depth': 9, 'n_estimators': 500, 'reg_alpha': 0.5}",0.025192049004882974,0.05856359747130691,0.07734869352650088,0.07931343573210746,0.05263246667016079,937121257589.1284,0.11458474659497375,0.15469738705300176,0.33850368771251776,0.633308872202349,0.6333074302339268
1,"{'learning_rate': 0.03, 'max_depth': 9, 'n_estimators': 500, 'reg_alpha': 0.5}",0.025141203170749322,0.05847209663294019,0.07699725527873601,0.07868169071216055,0.051890574586733074,1009644993727.6277,0.11295406474377233,0.15399451055747201,0.3360863947614844,0.6390693939523511,0.6390679746364825
2,"{'learning_rate': 0.03, 'max_depth': 9, 'n_estimators': 500, 'reg_alpha': 0.5}",0.025328554277377423,0.05885135424572561,0.07755370589151588,0.07935157264547217,0.05250599812069943,920825111856.4736,0.1139647142926298,0.15510741178303175,0.33758660265571827,0.6357036364912683,0.6357022039343331
0,"{'learning_rate': 0.03, 'max_depth': 9, 'n_estimators': 500, 'reg_alpha': 0.7}",0.025199440704380967,0.05853534176902008,0.07733974570443426,0.0792994740334131,0.052548385856715236,959423154445.4609,0.11457760826175829,0.15467949140886852,0.33849314359637817,0.6333317161107674,0.6333302742321761
1,"{'learning_rate': 0.03, 'max_depth': 9, 'n_estimators': 500, 'reg_alpha': 0.7}",0.025110894202368932,0.0584840616862833,0.07697403284620094,0.07871650790903535,0.05190198989417725,1007453460699.8156,0.11301723964926098,0.15394806569240188,0.3361803677332467,0.6388675264323398,0.6388661063226517
2,"{'learning_rate': 0.03, 'max_depth': 9, 'n_estimators': 500, 'reg_alpha': 0.7}",0.025297877679751432,0.05878029571509031,0.07751140395082438,0.07911337880567469,0.05245903367058614,919747488179.893,0.11402430552078142,0.15502280790164877,0.3376748517742792,0.6355131488666785,0.6355117155606709
0,"{'learning_rate': 0.03, 'max_depth': 9, 'n_estimators': 750, 'reg_alpha': 0.5}",0.02500054230406071,0.05802327396220166,0.0766030608619733,0.07877297676351332,0.05218425876651675,871622433557.9832,0.11252795906369666,0.1532061217239466,0.3354518729470692,0.6398909502004795,0.6398895341152814
1,"{'learning_rate': 0.03, 'max_depth': 9, 'n_estimators': 750, 'reg_alpha': 0.5}",0.024943365026233188,0.05789922885533912,0.07622118333540101,0.07791630310081146,0.05137068116548886,899138564114.3638,0.11075848387677939,0.15244236667080202,0.33280397214693724,0.6460850983871406,0.6460837066596795
2,"{'learning_rate': 0.03, 'max_depth': 9, 'n_estimators': 750, 'reg_alpha': 0.5}",0.025117006130986847,0.05826550798234701,0.07669633679303822,0.0783800736507493,0.051806070997252755,861846550970.8872,0.1117529186456018,0.15339267358607644,0.33429465841619693,0.6427737995328551,0.6427723947785886
0,"{'learning_rate': 0.03, 'max_depth': 9, 'n_estimators': 750, 'reg_alpha': 0.7}",0.02503361714676345,0.05787384756375266,0.07654013874772099,0.07857232395056607,0.052181960214606866,880483034577.6599,0.11234965357533458,0.15308027749544198,0.3351859984774641,0.6404615587898681,0.6404601449485191
1,"{'learning_rate': 0.03, 'max_depth': 9, 'n_estimators': 750, 'reg_alpha': 0.7}",0.024958933997697764,0.057837628534477714,0.07622356042574537,0.07788611764299067,0.051283370679247355,929484778455.6067,0.11068070012275909,0.15244712085149073,0.3326870904059235,0.6463336466580053,0.6463322559079303
2,"{'learning_rate': 0.03, 'max_depth': 9, 'n_estimators': 750, 'reg_alpha': 0.7}",0.025091970454877967,0.0582977864905628,0.07672552743938306,0.07852698952943993,0.05190700461358067,863844766376.8024,0.112111667240997,0.15345105487876612,0.33483080390101055,0.6416270339789069,0.641625624715106
0,"{'learning_rate': 0.03, 'max_depth': 9, 'n_estimators': 1000, 'reg_alpha': 0.5}",0.024900047748303223,0.05757891712024307,0.07595382425894627,0.07827667861285308,0.051778120728585765,837938995062.6129,0.11075475324059261,0.15190764851789254,0.33279836724448125,0.6455655173868933,0.6455641236162428
1,"{'learning_rate': 0.03, 'max_depth': 9, 'n_estimators': 1000, 'reg_alpha': 0.5}",0.024866105332267917,0.057406065092939045,0.07580820034167036,0.07714868060480622,0.05110297523147982,819828924251.4073,0.10979710561967687,0.15161640068334073,0.33135646307213756,0.6491570625326024,0.649155682885268
2,"{'learning_rate': 0.03, 'max_depth': 9, 'n_estimators': 1000, 'reg_alpha': 0.5}",0.025043051611311817,0.05777591297439952,0.07603738581138204,0.07794580119569854,0.0515230248384903,822381826173.7413,0.10955752420360608,0.1520747716227641,0.33099474951063207,0.649791534949036,0.649790157791272
0,"{'learning_rate': 0.03, 'max_depth': 9, 'n_estimators': 1000, 'reg_alpha': 0.7}",0.02484444618748137,0.05747549334675594,0.0759179289127708,0.0781769579901523,0.05187149028742852,857017654482.4668,0.11062282443477149,0.1518358578255416,0.3326000968652467,0.6459877125222244,0.6459863204118053
1,"{'learning_rate': 0.03, 'max_depth': 9, 'n_estimators': 1000, 'reg_alpha': 0.7}",0.024847626911332313,0.057456023391895365,0.07578096748044519,0.0774550834944539,0.050943727382216884,889069117896.8689,0.10985757659953634,0.15156193496089038,0.33144769813582403,0.6489638350692217,0.6489624546620438
2,"{'learning_rate': 0.03, 'max_depth': 9, 'n_estimators': 1000, 'reg_alpha': 0.7}",0.025039083001836313,0.05779443964330451,0.07609825500226666,0.07789747132216691,0.05147129921294332,822201716221.9513,0.11030318404515868,0.15219651000453333,0.3321192316701318,0.6474079799129165,0.6474065933820744
0,"{'learning_rate': 0.03, 'max_depth': 10, 'n_estimators': 500, 'reg_alpha': 0.5}",0.0251871247999814,0.058470834763978616,0.077410919269193,0.07917302729057753,0.05258683881664984,952924936483.4004,0.1149560321060431,0.154821838538386,0.33905166583581786,0.6321206939601769,0.6321192473193877
1,"{'learning_rate': 0.03, 'max_depth': 10, 'n_estimators': 500, 'reg_alpha': 0.5}",0.025097234412837125,0.05843749347130499,0.07697917150912138,0.07863458449415424,0.05196204932691382,998232405177.3372,0.11308661272973877,0.15395834301824277,0.33628353026834185,0.638645853418296,0.6386444324369057
2,"{'learning_rate': 0.03, 'max_depth': 10, 'n_estimators': 500, 'reg_alpha': 0.5}",0.025246095209925826,0.05881488135684554,0.07748886861189544,0.0793684066014609,0.052358510739644704,933663669659.6063,0.11397979420053407,0.15497773722379088,0.33760893679008863,0.6356554324866721,0.6356539997401798
0,"{'learning_rate': 0.03, 'max_depth': 10, 'n_estimators': 500, 'reg_alpha': 0.7}",0.025190682328189183,0.05840018435652124,0.07733766609107678,0.0792630244154685,0.05261998720820706,943700908666.5247,0.11461748627344626,0.15467533218215357,0.33855204367046177,0.633204099534262,0.6332026571538341
1,"{'learning_rate': 0.03, 'max_depth': 10, 'n_estimators': 500, 'reg_alpha': 0.7}",0.025122251771015774,0.05840112079252917,0.07702792837984072,0.07861867529036878,0.051745015515996015,1009459999347.8566,0.11275175440338925,0.15405585675968145,0.33578528020654697,0.6397158513767015,0.6397144346029484
2,"{'learning_rate': 0.03, 'max_depth': 10, 'n_estimators': 500, 'reg_alpha': 0.7}",0.025286628628897235,0.05885348471697726,0.0775109872330108,0.07921480204355234,0.05220331358102685,922423193133.0616,0.1141259613014005,0.1550219744660216,0.33782534141387394,0.635188198890372,0.635186764306533
0,"{'learning_rate': 0.03, 'max_depth': 10, 'n_estimators': 750, 'reg_alpha': 0.5}",0.024999495220583947,0.057915424164098755,0.07654288110149671,0.07849540727527056,0.05214124831868178,888839545244.5675,0.11227350959717318,0.15308576220299341,0.3350723945614935,0.6407052327696665,0.6407038198865358
1,"{'learning_rate': 0.03, 'max_depth': 10, 'n_estimators': 750, 'reg_alpha': 0.5}",0.024962017587024748,0.057900277041220326,0.07622459561920843,0.07797065758255085,0.0513326944864999,934250491751.6051,0.11098358578707057,0.15244919123841685,0.333141990429112,0.6453658133477913,0.645364418791829
2,"{'learning_rate': 0.03, 'max_depth': 10, 'n_estimators': 750, 'reg_alpha': 0.5}",0.025104618282171608,0.0581851165502907,0.07652572126812841,0.07829552552874891,0.05194673346923229,869303613072.2313,0.11164677844598213,0.15305144253625683,0.3341358682422199,0.643113084275361,0.6431116808552958
0,"{'learning_rate': 0.03, 'max_depth': 10, 'n_estimators': 750, 'reg_alpha': 0.7}",0.02499219343141795,0.057881469276183775,0.07649967959703295,0.07845668999186305,0.05221674286668657,876249049665.373,0.11238431576246263,0.1529993591940659,0.3352377003895335,0.640350633759551,0.6403492194820029
1,"{'learning_rate': 0.03, 'max_depth': 10, 'n_estimators': 750, 'reg_alpha': 0.7}",0.024966096096348707,0.057813774445050384,0.07618014413333041,0.07784379444347796,0.051272565000653254,935078275711.1279,0.11029516187427178,0.15236028826666081,0.33210715420519293,0.6475655859777343,0.6475642000721114
2,"{'learning_rate': 0.03, 'max_depth': 10, 'n_estimators': 750, 'reg_alpha': 0.7}",0.025128404653277214,0.058231913084437995,0.07665627791426612,0.07835672245959026,0.05179996731513625,858469568940.4469,0.11188712530879451,0.15331255582853223,0.3344953292779953,0.6423447983313586,0.6423433918900903
0,"{'learning_rate': 0.03, 'max_depth': 10, 'n_estimators': 1000, 'reg_alpha': 0.5}",0.02487439700103008,0.0575233740732899,0.07585269497550069,0.07804299573082799,0.051765887234669704,854286870807.7655,0.11009393838049301,0.15170538995100138,0.3318040662506911,0.6476802399264638,0.6476788544717036
1,"{'learning_rate': 0.03, 'max_depth': 10, 'n_estimators': 1000, 'reg_alpha': 0.5}",0.024855613350363622,0.057410991434275714,0.07576417197422076,0.07754023586349869,0.05104195483105095,866426889962.5016,0.10983537617648209,0.15152834394844153,0.33141420635887364,0.6490347737482827,0.6490333936200625
2,"{'learning_rate': 0.03, 'max_depth': 10, 'n_estimators': 1000, 'reg_alpha': 0.5}",0.02497373810437604,0.05781775236701045,0.07579981305447003,0.07786004211582,0.05152730990871718,839617898166.9883,0.10928810235942182,0.15159962610894007,0.330587510894501,0.6506527611513333,0.6506513873802504
0,"{'learning_rate': 0.03, 'max_depth': 10, 'n_estimators': 1000, 'reg_alpha': 0.7}",0.02492421460171343,0.05751502876681022,0.07582219924597228,0.07809723141268039,0.05170850713339019,841216441097.2592,0.11030917146533271,0.15164439849194455,0.3321282455096716,0.6469914566026397,0.6469900684393225
1,"{'learning_rate': 0.03, 'max_depth': 10, 'n_estimators': 1000, 'reg_alpha': 0.7}",0.02491080772790822,0.0574106976378471,0.07565267197592446,0.07730862668042636,0.05091597111636605,899800883719.4247,0.10898552929765394,0.15130534395184891,0.3301295644101781,0.6517503533046178,0.6517489838550852
2,"{'learning_rate': 0.03, 'max_depth': 10, 'n_estimators': 1000, 'reg_alpha': 0.7}",0.024976635669800417,0.05786987373592114,0.07593616860868595,0.07808334889995626,0.051534904412631706,822611473264.695,0.10951787403596148,0.1518723372173719,0.3309348486272811,0.6499182795469152,0.649916902887561
0,"{'learning_rate': 0.003, 'max_depth': 8, 'n_estimators': 500, 'reg_alpha': 0.5}",0.033645099994446044,0.0724282892247471,0.0929913759673602,0.094388894163008,0.06533816266858107,4259188315840.943,0.17716028495257521,0.1859827519347204,0.4209041279823414,0.43305626079673476,0.43305403135918596
1,"{'learning_rate': 0.003, 'max_depth': 8, 'n_estimators': 500, 'reg_alpha': 0.5}",0.03356856263540098,0.07233725422942691,0.09268994450773839,0.09407757120395532,0.06495580448805045,4336359280623.671,0.17743597693373736,0.18537988901547678,0.4212315004053441,0.4330254972707265,0.433023267712204
2,"{'learning_rate': 0.003, 'max_depth': 8, 'n_estimators': 500, 'reg_alpha': 0.5}",0.03371128013988551,0.07290618228704897,0.09344525849452165,0.09467042748539346,0.06505895991745851,4171022757225.0503,0.1766964401494825,0.1868905169890433,0.4203527568001458,0.4351771862814421,0.43517496517544163
0,"{'learning_rate': 0.003, 'max_depth': 8, 'n_estimators': 500, 'reg_alpha': 0.7}",0.03365524575081814,0.0724179318988606,0.0929798579964648,0.09438245802337288,0.06533100467049269,4259497084259.6685,0.17711553097365212,0.1859597159929296,0.4208509605236183,0.43319948131685115,0.43319725244249985
1,"{'learning_rate': 0.003, 'max_depth': 8, 'n_estimators': 500, 'reg_alpha': 0.7}",0.033567765714944534,0.07236729522299873,0.09269399569236465,0.09406793493947828,0.06492620794602805,4335085229983.2676,0.17746917094966885,0.1853879913847293,0.4212708997185408,0.43291942993871424,0.43291719996309475
2,"{'learning_rate': 0.003, 'max_depth': 8, 'n_estimators': 500, 'reg_alpha': 0.7}",0.03370008606229444,0.07289060811806986,0.0934409264785555,0.09465086231806209,0.06504786898163319,4173858622609.0503,0.1767113010744207,0.186881852957111,0.42037043315916106,0.4351296822715651,0.4351274609787601
0,"{'learning_rate': 0.003, 'max_depth': 8, 'n_estimators': 750, 'reg_alpha': 0.5}",0.03108375954728741,0.06621571413733694,0.08555036568342238,0.08684498585594728,0.059151753821773706,3122714328028.9385,0.15163051354981816,0.17110073136684475,0.3893976291014343,0.5147559716769597,0.5147540635136232
1,"{'learning_rate': 0.003, 'max_depth': 8, 'n_estimators': 750, 'reg_alpha': 0.5}",0.030979439707547213,0.06607203288986724,0.08531885162228518,0.08644945249708955,0.05864426183548122,3218182574077.566,0.15170657851306685,0.17063770324457037,0.38949528689454876,0.5152405763498177,0.5152386700921303
2,"{'learning_rate': 0.003, 'max_depth': 8, 'n_estimators': 750, 'reg_alpha': 0.5}",0.031210277113623085,0.06661639058819978,0.0859496320605507,0.08693564150692658,0.05892200188327747,3069773843212.424,0.15109529303120106,0.1718992641211014,0.38870977995311756,0.5170130848289025,0.5170111855339212
0,"{'learning_rate': 0.003, 'max_depth': 8, 'n_estimators': 750, 'reg_alpha': 0.7}",0.031089180849764184,0.06619764624610246,0.08552345921920794,0.08685227346658032,0.05916583868545843,3123148595069.4106,0.1514631961821194,0.17104691843841588,0.3891827285249429,0.5152914163682017,0.5152895103104365
1,"{'learning_rate': 0.003, 'max_depth': 8, 'n_estimators': 750, 'reg_alpha': 0.7}",0.030985577658620766,0.06608173198207748,0.08530724554398093,0.08644434851716208,0.058624959814074194,3218095180399.3936,0.15166221869884203,0.17061449108796187,0.3894383374795579,0.51538232259568,0.5153804168953925
2,"{'learning_rate': 0.003, 'max_depth': 8, 'n_estimators': 750, 'reg_alpha': 0.7}",0.031217183358906598,0.06661613944399886,0.08594260851578378,0.08692967020945955,0.058914126490038916,3066880119784.1655,0.1510729772746314,0.17188521703156756,0.38868107398564106,0.5170844187414889,0.5170825197270206
0,"{'learning_rate': 0.003, 'max_depth': 8, 'n_estimators': 1000, 'reg_alpha': 0.5}",0.0289683242274778,0.06345047076134329,0.08249207463658649,0.08383677674144425,0.05628756190678301,2393070589421.041,0.13795673043000053,0.16498414927317298,0.37142526897075884,0.5585144570117464,0.5585127209233505
1,"{'learning_rate': 0.003, 'max_depth': 8, 'n_estimators': 1000, 'reg_alpha': 0.5}",0.028832350220147573,0.063223837433198,0.08230250741272714,0.08348020075420735,0.0556830610287834,2484790788921.6553,0.1383288523433767,0.16460501482545428,0.37192586941940015,0.557987429461467,0.5579856913005992
2,"{'learning_rate': 0.003, 'max_depth': 8, 'n_estimators': 1000, 'reg_alpha': 0.5}",0.029076675345482965,0.06374008744361107,0.08284314458089909,0.08393546964627338,0.056107124205805284,2353810089546.873,0.13734852035253298,0.16568628916179817,0.37060561295335637,0.5609556272895546,0.5609539007939758
0,"{'learning_rate': 0.003, 'max_depth': 8, 'n_estimators': 1000, 'reg_alpha': 0.7}",0.028980284326563598,0.06340366087927041,0.08247962932966106,0.08382532069057741,0.05630455565728813,2396348391018.9414,0.13784903280721056,0.16495925865932212,0.3712802618066446,0.5588591081449517,0.5588573734118546
1,"{'learning_rate': 0.003, 'max_depth': 8, 'n_estimators': 1000, 'reg_alpha': 0.7}",0.0288488284812467,0.06322036416896998,0.08229767729620735,0.08348867573551871,0.055674365432355176,2482276018843.053,0.13836456321919555,0.1645953545924147,0.37197387437721424,0.5578733198180377,0.5578715812084474
2,"{'learning_rate': 0.003, 'max_depth': 8, 'n_estimators': 1000, 'reg_alpha': 0.7}",0.029081397516553836,0.06374413001124486,0.08285896608513746,0.08394145739320205,0.05608630332998027,2348670141394.3096,0.13746583955596337,0.16571793217027492,0.3707638595601834,0.5605806080615005,0.5605788800911982
0,"{'learning_rate': 0.003, 'max_depth': 9, 'n_estimators': 500, 'reg_alpha': 0.5}",0.033652745572849245,0.07242691534671727,0.09298512730133278,0.09438621438555043,0.06534048241134455,4258474942792.7983,0.17713629131869327,0.18597025460266556,0.42087562452426874,0.4331330446002477,0.43313081546464205
1,"{'learning_rate': 0.003, 'max_depth': 9, 'n_estimators': 500, 'reg_alpha': 0.5}",0.03356119180238224,0.07233562449893288,0.09267678362131021,0.09406390513626613,0.06495104338486386,4336594200623.6265,0.17735731432475582,0.18535356724262042,0.4211381178719825,0.43327685381285175,0.4332746252427583
2,"{'learning_rate': 0.003, 'max_depth': 9, 'n_estimators': 500, 'reg_alpha': 0.5}",0.0337105993528082,0.07291722861736195,0.09345457287595352,0.0946760814944756,0.06505970560516346,4171317329923.058,0.1767492891874157,0.18690914575190704,0.4204156148234931,0.4350082505502949,0.4350060287799724
0,"{'learning_rate': 0.003, 'max_depth': 9, 'n_estimators': 500, 'reg_alpha': 0.7}",0.03365656509799383,0.0724179318988606,0.09296995631100613,0.09440014288590266,0.06533340779946616,4260408256276.687,0.1770547067360498,0.18593991262201226,0.4207786909243977,0.433394129461099,0.43339190135217787
1,"{'learning_rate': 0.003, 'max_depth': 9, 'n_estimators': 500, 'reg_alpha': 0.7}",0.03357110325946242,0.07235401839167052,0.09267164144590982,0.09405481163310356,0.06493444807857711,4336391895703.5854,0.17733358618092251,0.18534328289181964,0.4211099454785205,0.4333526741328515,0.4333504458609123
2,"{'learning_rate': 0.003, 'max_depth': 9, 'n_estimators': 500, 'reg_alpha': 0.7}",0.0336951956558891,0.07288287468543121,0.09343866940373831,0.09466356237244061,0.06505486060904345,4173380519991.417,0.17670295457724788,0.18687733880747662,0.4203605054917123,0.4351563624469771,0.435154141259089
0,"{'learning_rate': 0.003, 'max_depth': 9, 'n_estimators': 750, 'reg_alpha': 0.5}",0.03109258339285258,0.0662162088361143,0.08554227037436653,0.08685942898468277,0.05915575876086766,3122034333515.5977,0.1515551874820635,0.17108454074873305,0.3893008958146173,0.5149970282011336,0.5149951209857226
1,"{'learning_rate': 0.003, 'max_depth': 9, 'n_estimators': 750, 'reg_alpha': 0.5}",0.030978392673603403,0.0660799531729493,0.08530114393631774,0.08645654867721551,0.058637788060687375,3220366942065.5425,0.15162043684188342,0.17060228787263548,0.38938469004556847,0.5155158313010824,0.5155139261258017
2,"{'learning_rate': 0.003, 'max_depth': 9, 'n_estimators': 750, 'reg_alpha': 0.5}",0.03123149160549316,0.06661300914563939,0.08594032211993362,0.08693393378900761,0.05891324039759049,3069455888423.371,0.1510420774926202,0.17188064423986724,0.3886413224203265,0.5171831921055934,0.5171812934795409
0,"{'learning_rate': 0.003, 'max_depth': 9, 'n_estimators': 750, 'reg_alpha': 0.7}",0.03110005482873465,0.06621255618297194,0.08553103907794975,0.08685837322526818,0.0591432197188038,3124652739906.6064,0.151513085063227,0.1710620781558995,0.38924681766615254,0.5151317632675795,0.5151298565819978
1,"{'learning_rate': 0.003, 'max_depth': 9, 'n_estimators': 750, 'reg_alpha': 0.7}",0.031004307435265877,0.06608478071136295,0.08528677949634467,0.08644938836708992,0.05863411258259239,3219306309101.41,0.1514955763720964,0.17057355899268933,0.3892243265420295,0.5159148073373485,0.5159129037309927
2,"{'learning_rate': 0.003, 'max_depth': 9, 'n_estimators': 750, 'reg_alpha': 0.7}",0.031210065300792053,0.06661848938539247,0.0859467593649341,0.08691641172282252,0.05889309340522606,3068573732800.2896,0.15111827034167866,0.1718935187298682,0.38873933469830224,0.5169396362119147,0.5169377366281045
0,"{'learning_rate': 0.003, 'max_depth': 9, 'n_estimators': 1000, 'reg_alpha': 0.5}",0.029010278314646264,0.06344602666577046,0.08248521472082683,0.08379495398957854,0.05626886782591068,2392110884361.235,0.13791233526800972,0.16497042944165366,0.3713655009125238,0.5586565292552425,0.5586547937255284
1,"{'learning_rate': 0.003, 'max_depth': 9, 'n_estimators': 1000, 'reg_alpha': 0.5}",0.02885729678796229,0.0632240751005435,0.08229643893967042,0.0834729093060364,0.055684675929214736,2484655774228.9844,0.13828791378477687,0.16459287787934085,0.37187082943513716,0.5581182435122908,0.5581165058658333
2,"{'learning_rate': 0.003, 'max_depth': 9, 'n_estimators': 1000, 'reg_alpha': 0.5}",0.029148385602917253,0.06375205771514043,0.08284959273525812,0.08391768924078209,0.056098908545398424,2353091744246.257,0.13742413285342256,0.16569918547051624,0.37070761100012845,0.5607139265203223,0.5607121990742807
0,"{'learning_rate': 0.003, 'max_depth': 9, 'n_estimators': 1000, 'reg_alpha': 0.7}",0.028991635082158098,0.06344148271570577,0.0824776107833592,0.083835699103482,0.05629549730353736,2399387551337.8467,0.13787732716652795,0.1649552215667184,0.37131836362685855,0.5587685612716834,0.5587668261825217
1,"{'learning_rate': 0.003, 'max_depth': 9, 'n_estimators': 1000, 'reg_alpha': 0.7}",0.028887951909113006,0.06322131763605529,0.08227391229734504,0.08346162230147906,0.05567747578658281,2480873322401.877,0.1382057485278722,0.16454782459469008,0.3717603374862254,0.5583807923283775,0.5583790557143614
2,"{'learning_rate': 0.003, 'max_depth': 9, 'n_estimators': 1000, 'reg_alpha': 0.7}",0.02911830774460864,0.06373973402551919,0.08285822686990965,0.0839115522465518,0.05608754389400633,2351297353216.198,0.13748911733716804,0.1657164537398193,0.3707952498848496,0.5605061989683346,0.5605044707054264
0,"{'learning_rate': 0.003, 'max_depth': 10, 'n_estimators': 500, 'reg_alpha': 0.5}",0.03364685356712695,0.07242691534671727,0.09298512730133278,0.09438621438555043,0.06533926308329428,4258474942792.7983,0.17713629131869327,0.18597025460266556,0.42087562452426874,0.4331330446002477,0.43313081546464205
1,"{'learning_rate': 0.003, 'max_depth': 10, 'n_estimators': 500, 'reg_alpha': 0.5}",0.0335571735830939,0.07233261610133554,0.09267678362131021,0.09406390513626613,0.06494865119599931,4336594200623.6265,0.17735731432475582,0.18535356724262042,0.4211381178719825,0.43327685381285175,0.4332746252427583
2,"{'learning_rate': 0.003, 'max_depth': 10, 'n_estimators': 500, 'reg_alpha': 0.5}",0.03371207717160743,0.07291722861736195,0.09345457287595352,0.0946760814944756,0.06505970560516346,4171317329923.058,0.1767492891874157,0.18690914575190704,0.4204156148234931,0.4350082505502949,0.4350060287799724
0,"{'learning_rate': 0.003, 'max_depth': 10, 'n_estimators': 500, 'reg_alpha': 0.7}",0.03365472335891906,0.0724179318988606,0.09296995631100613,0.09440014288590266,0.06533541937911627,4260408256276.687,0.1770547067360498,0.18593991262201226,0.4207786909243977,0.433394129461099,0.43339190135217787
1,"{'learning_rate': 0.003, 'max_depth': 10, 'n_estimators': 500, 'reg_alpha': 0.7}",0.033571791795847294,0.07236169069289816,0.09267164144590982,0.09405481163310356,0.06493201456707709,4336391895703.5854,0.17733358618092251,0.18534328289181964,0.4211099454785205,0.4333526741328515,0.4333504458609123
2,"{'learning_rate': 0.003, 'max_depth': 10, 'n_estimators': 500, 'reg_alpha': 0.7}",0.03369097716006055,0.07288287468543121,0.09343866940373831,0.09466356237244061,0.06505504701906357,4173380519991.417,0.17670295457724788,0.18687733880747662,0.4203605054917123,0.4351563624469771,0.435154141259089
0,"{'learning_rate': 0.003, 'max_depth': 10, 'n_estimators': 750, 'reg_alpha': 0.5}",0.03112374468717474,0.06622005996514674,0.0855440709444405,0.08686459304238983,0.059154872347030096,3122048407729.4697,0.1515678544639338,0.171088141888881,0.38931716435823094,0.5149564916549889,0.5149545842801728
1,"{'learning_rate': 0.003, 'max_depth': 10, 'n_estimators': 750, 'reg_alpha': 0.5}",0.030989999627603414,0.06608648512148668,0.08529833078149783,0.08645654867721551,0.05864091241354324,3219869542333.3877,0.1515843252405096,0.17059666156299566,0.3893383172004903,0.5156312214129721,0.5156293166914491
2,"{'learning_rate': 0.003, 'max_depth': 10, 'n_estimators': 750, 'reg_alpha': 0.5}",0.031241661500336224,0.06661373822679682,0.08594032211993362,0.08693109906126031,0.05889451052315711,3069455888423.371,0.1510420774926202,0.17188064423986724,0.3886413224203265,0.5171831921055934,0.5171812934795409
0,"{'learning_rate': 0.003, 'max_depth': 10, 'n_estimators': 750, 'reg_alpha': 0.7}",0.03111323497266182,0.06621366571258956,0.085531197491659,0.0868682966964052,0.05915003166268772,3124643470805.951,0.15151341749510538,0.171062394983318,0.38924724468530975,0.5151306994277227,0.5151287927379576
1,"{'learning_rate': 0.003, 'max_depth': 10, 'n_estimators': 750, 'reg_alpha': 0.7}",0.030996146410431483,0.06608454494705586,0.08528663077416497,0.08644938836708992,0.058636102967261315,3218877604370.922,0.15151905310797564,0.17057326154832994,0.38925448373522387,0.5158397903600654,0.5158378864587145
2,"{'learning_rate': 0.003, 'max_depth': 10, 'n_estimators': 750, 'reg_alpha': 0.7}",0.031215836484991308,0.06661042765718646,0.0859467593649341,0.08691653757460172,0.05889227983951678,3068573732800.2896,0.15111827034167866,0.1718935187298682,0.38873933469830224,0.5169396362119147,0.5169377366281045
0,"{'learning_rate': 0.003, 'max_depth': 10, 'n_estimators': 1000, 'reg_alpha': 0.5}",0.02906311928026105,0.06344267193531232,0.08249423783256953,0.08383222039909843,0.05627354107731919,2391568884118.2173,0.13799587100546615,0.16498847566513905,0.37147795493873675,0.5583892003594726,0.5583874637785201
1,"{'learning_rate': 0.003, 'max_depth': 10, 'n_estimators': 1000, 'reg_alpha': 0.5}",0.028880930646204298,0.063228025737905,0.08228417309377012,0.08347194808771523,0.05568342383333281,2483887852211.4365,0.13822612343873777,0.16456834618754024,0.37178773976388435,0.558315686845511,0.5583139499754755
2,"{'learning_rate': 0.003, 'max_depth': 10, 'n_estimators': 1000, 'reg_alpha': 0.5}",0.029146116845005225,0.06376911694476885,0.08285161551613872,0.08391336014144032,0.05608706074192229,2353107316852.0986,0.1374505544863692,0.16570323103227744,0.370743246042823,0.560629467880118,0.5606277401019517
0,"{'learning_rate': 0.003, 'max_depth': 10, 'n_estimators': 1000, 'reg_alpha': 0.7}",0.029030241051866724,0.06343834605225518,0.0824805886792311,0.08379922836315647,0.056285481609418174,2398986002900.731,0.1378782743320358,0.1649611773584622,0.37131963903359033,0.5587655301772435,0.5587637950761624
1,"{'learning_rate': 0.003, 'max_depth': 10, 'n_estimators': 1000, 'reg_alpha': 0.7}",0.028882326672922176,0.06323785215323045,0.08227605450190487,0.08345647625317273,0.05567678193028368,2480679139766.5146,0.13825571106498777,0.16455210900380973,0.37182752865406266,0.5582211432812918,0.5582194060394752
2,"{'learning_rate': 0.003, 'max_depth': 10, 'n_estimators': 1000, 'reg_alpha': 0.7}",0.029150162783430477,0.06374952106670903,0.08285235466603856,0.08390448660560021,0.05607398943272132,2352026060019.825,0.137434213756214,0.16570470933207712,0.37072120758895627,0.5606817021932522,0.5606799746204919
