mean_fit_time,std_fit_time,mean_score_time,std_score_time,param_learning_rate,param_max_depth,param_n_estimators,param_reg_alpha,params,split0_test_score,split1_test_score,split2_test_score,mean_test_score,std_test_score,rank_test_score
21.64252583185832,0.49140079985984314,0.41900165875752765,0.004259405740863263,0.001,6,500,0.5,"{'learning_rate': 0.001, 'max_depth': 6, 'n_estimators': 500, 'reg_alpha': 0.5}",-0.18961821924592392,-0.16796808216089315,-0.17089572026091215,-0.17616067388924309,0.00959068685345363,71
22.833702484766643,0.7053846654859026,0.3980563481648763,0.01856501667502855,0.001,6,500,0.7,"{'learning_rate': 0.001, 'max_depth': 6, 'n_estimators': 500, 'reg_alpha': 0.7}",-0.1895482744557338,-0.16797526982525232,-0.17093501293785374,-0.17615285240627995,0.009548752753995103,70
22.30673273404439,0.5546444927575466,0.38205353418986004,0.009694615140462154,0.001,6,500,0.9,"{'learning_rate': 0.001, 'max_depth': 6, 'n_estimators': 500, 'reg_alpha': 0.9}",-0.18955651514355834,-0.16797041821390304,-0.17097070169545425,-0.17616587835097186,0.009547505451709884,72
32.17883491516113,0.18883841690717212,0.5490187803904215,0.020179694079961317,0.001,6,750,0.5,"{'learning_rate': 0.001, 'max_depth': 6, 'n_estimators': 750, 'reg_alpha': 0.5}",-0.14924120453889672,-0.14149897235294778,-0.1387708285567968,-0.1431703351495471,0.004434883200267774,59
32.429314931233726,1.0539925006370996,0.5503155390421549,0.01196100324330983,0.001,6,750,0.7,"{'learning_rate': 0.001, 'max_depth': 6, 'n_estimators': 750, 'reg_alpha': 0.7}",-0.14918910486510004,-0.14150597718178076,-0.13879409699861905,-0.14316305968183327,0.004402536310282639,58
32.85166803995768,0.9114862611442083,0.5533457597096761,0.02086878604106238,0.001,6,750,0.9,"{'learning_rate': 0.001, 'max_depth': 6, 'n_estimators': 750, 'reg_alpha': 0.9}",-0.14916411433276344,-0.14153498793145622,-0.13882616732573264,-0.14317508986331742,0.004376889141861334,60
42.685298999150596,0.7873702366983244,0.7117590109507242,0.018265523961886954,0.001,6,1000,0.5,"{'learning_rate': 0.001, 'max_depth': 6, 'n_estimators': 1000, 'reg_alpha': 0.5}",-0.12223290786144103,-0.12307530547493206,-0.11690070044060948,-0.12073630459232752,0.002733898662022349,46
44.50675241152445,2.37227750141614,0.720228910446167,0.02737674440273301,0.001,6,1000,0.7,"{'learning_rate': 0.001, 'max_depth': 6, 'n_estimators': 1000, 'reg_alpha': 0.7}",-0.12222025517023928,-0.12307232716421733,-0.1169658409239804,-0.12075280775281233,0.0027002894897566717,48
42.50463088353475,0.16819357852044978,0.7192661762237549,0.011057283629908406,0.001,6,1000,0.9,"{'learning_rate': 0.001, 'max_depth': 6, 'n_estimators': 1000, 'reg_alpha': 0.9}",-0.12215777379395662,-0.12308667755251458,-0.11697704588033403,-0.12074049907560175,0.0026880476822276115,47
26.778482755025227,0.2669682676353491,0.49383314450581867,0.023162830083830754,0.001,7,500,0.5,"{'learning_rate': 0.001, 'max_depth': 7, 'n_estimators': 500, 'reg_alpha': 0.5}",-0.1849076319440504,-0.16303885890076086,-0.16570445785655455,-0.17121698290045528,0.009741723251884183,68
26.683777968088787,0.3956488138681205,0.4668513933817546,0.017970925882462654,0.001,7,500,0.7,"{'learning_rate': 0.001, 'max_depth': 7, 'n_estimators': 500, 'reg_alpha': 0.7}",-0.1848367075488067,-0.16306123603286318,-0.16574345905402718,-0.17121380087856572,0.009694887645674858,67
26.34872778256734,0.2844849798571522,0.46072133382161456,0.015093294651042725,0.001,7,500,0.9,"{'learning_rate': 0.001, 'max_depth': 7, 'n_estimators': 500, 'reg_alpha': 0.9}",-0.18484016245861498,-0.1630913901586056,-0.16579767419332134,-0.17124307560351396,0.009677863797622897,69
38.94305690129598,0.43820380504385603,0.6753571033477783,0.0196690786954697,0.001,7,750,0.5,"{'learning_rate': 0.001, 'max_depth': 7, 'n_estimators': 750, 'reg_alpha': 0.5}",-0.1431614331704014,-0.13473985974273606,-0.1316992498669798,-0.1365335142600391,0.004848251156578028,55
39.094440937042236,0.31714731297272575,0.7032075723012289,0.018508438603888816,0.001,7,750,0.7,"{'learning_rate': 0.001, 'max_depth': 7, 'n_estimators': 750, 'reg_alpha': 0.7}",-0.14311420340076392,-0.13478015453209313,-0.13173160106160986,-0.13654198633148898,0.004811025356397576,56
39.818146069844566,1.898238954963534,0.6582661469777426,0.009826769786252838,0.001,7,750,0.9,"{'learning_rate': 0.001, 'max_depth': 7, 'n_estimators': 750, 'reg_alpha': 0.9}",-0.14311835584321875,-0.13478390275802832,-0.13179846764469147,-0.1365669087486462,0.004790219200184453,57
53.001546700795494,1.1081925681912845,0.94896133740743,0.05474451476710325,0.001,7,1000,0.5,"{'learning_rate': 0.001, 'max_depth': 7, 'n_estimators': 1000, 'reg_alpha': 0.5}",-0.11497176267279934,-0.11478782583430698,-0.10892737571900851,-0.11289565474203828,0.0028070016023748166,43
52.88232628504435,2.4833854994987368,0.8991940021514893,0.019261114391059795,0.001,7,1000,0.7,"{'learning_rate': 0.001, 'max_depth': 7, 'n_estimators': 1000, 'reg_alpha': 0.7}",-0.11492645871937507,-0.11483664203548663,-0.10898362199044466,-0.11291557424843546,0.002780551885089883,44
50.88247148195902,0.7237421405171894,0.9051353931427002,0.01611798117184492,0.001,7,1000,0.9,"{'learning_rate': 0.001, 'max_depth': 7, 'n_estimators': 1000, 'reg_alpha': 0.9}",-0.11491880800662885,-0.11485562789444982,-0.10903206282701726,-0.11293549957603198,0.002760267109274351,45
32.43942213058472,0.30705598824263497,0.572934071222941,0.015923924129190057,0.001,8,500,0.5,"{'learning_rate': 0.001, 'max_depth': 8, 'n_estimators': 500, 'reg_alpha': 0.5}",-0.18023069050539509,-0.15794766022719342,-0.16117717030205003,-0.1664518403448795,0.009831919705406979,64
32.73603638013204,1.3725495356993946,0.5721007188161215,0.01945324478980877,0.001,8,500,0.7,"{'learning_rate': 0.001, 'max_depth': 8, 'n_estimators': 500, 'reg_alpha': 0.7}",-0.18023481407368477,-0.1579458712044159,-0.1612585675390034,-0.16647975093903467,0.009819871371525353,65
33.26401392618815,1.4660023436833443,0.5839854081471761,0.015881328944092128,0.001,8,500,0.9,"{'learning_rate': 0.001, 'max_depth': 8, 'n_estimators': 500, 'reg_alpha': 0.9}",-0.1802921166714468,-0.15803834055888988,-0.16134742061745744,-0.16655929261593136,0.009804092516675869,66
47.843796491622925,0.21067398092293615,0.8237237135569254,0.005800857754505759,0.001,8,750,0.5,"{'learning_rate': 0.001, 'max_depth': 8, 'n_estimators': 750, 'reg_alpha': 0.5}",-0.1377272398433141,-0.12847945418790635,-0.1259674627445906,-0.13072471892527035,0.005056612809549685,52
48.25435988108317,0.5821646757308165,0.8203263282775879,0.005471287259745124,0.001,8,750,0.7,"{'learning_rate': 0.001, 'max_depth': 8, 'n_estimators': 750, 'reg_alpha': 0.7}",-0.13775029444166373,-0.12846671952356165,-0.12603735392523246,-0.13075145596348595,0.005047326641256257,53
47.70136912663778,0.7442257847470442,0.8373119036356608,0.02089603369116801,0.001,8,750,0.9,"{'learning_rate': 0.001, 'max_depth': 8, 'n_estimators': 750, 'reg_alpha': 0.9}",-0.13780777351208534,-0.1285598005299188,-0.1261348792692769,-0.13083415110376037,0.005029487574991947,54
62.654544750849404,0.7110477560058064,1.1194585959116619,0.035292509861195046,0.001,8,1000,0.5,"{'learning_rate': 0.001, 'max_depth': 8, 'n_estimators': 1000, 'reg_alpha': 0.5}",-0.10873725154753669,-0.10769758305855084,-0.10227940071434702,-0.10623807844014484,0.0028312040600297545,40
64.70184969902039,2.5571648744756907,1.1442023913065593,0.011066845401364718,0.001,8,1000,0.7,"{'learning_rate': 0.001, 'max_depth': 8, 'n_estimators': 1000, 'reg_alpha': 0.7}",-0.1087994326589448,-0.10768374582842669,-0.10239419329950461,-0.10629245726229203,0.002793866582190736,41
62.42474397023519,0.26799515571729815,1.1070783138275146,0.0010715116276333997,0.001,8,1000,0.9,"{'learning_rate': 0.001, 'max_depth': 8, 'n_estimators': 1000, 'reg_alpha': 0.9}",-0.10882897184736537,-0.10777549347490287,-0.10251641298874763,-0.10637362610367196,0.002761162065842295,42
42.29349104563395,0.36935836275423517,0.7117981910705566,0.007398534089155297,0.001,9,500,0.5,"{'learning_rate': 0.001, 'max_depth': 9, 'n_estimators': 500, 'reg_alpha': 0.5}",-0.17600064986628913,-0.15277263335165334,-0.15729633289734998,-0.16202320537176415,0.010054606915673997,61
41.64287885030111,0.14513904491582644,0.7445108890533447,0.043497866936600994,0.001,9,500,0.7,"{'learning_rate': 0.001, 'max_depth': 9, 'n_estimators': 500, 'reg_alpha': 0.7}",-0.17601079445752363,-0.15294219479462304,-0.15756786184528265,-0.16217361703247643,0.009964932120025242,62
41.965160290400185,0.4777083490765814,0.7151618798573812,0.010986750879251139,0.001,9,500,0.9,"{'learning_rate': 0.001, 'max_depth': 9, 'n_estimators': 500, 'reg_alpha': 0.9}",-0.17596108941000288,-0.15298763376497726,-0.15774015692872279,-0.1622296267012343,0.009901562846245061,63
61.81655168533325,0.4969257450927539,1.099283218383789,0.011562635502552973,0.001,9,750,0.5,"{'learning_rate': 0.001, 'max_depth': 9, 'n_estimators': 750, 'reg_alpha': 0.5}",-0.1325477963860331,-0.12270696086155283,-0.12111503236093071,-0.12545659653617222,0.005056177447490904,49
62.658551136652626,0.9284313860147709,1.128918727238973,0.05465849315435515,0.001,9,750,0.7,"{'learning_rate': 0.001, 'max_depth': 9, 'n_estimators': 750, 'reg_alpha': 0.7}",-0.13255791549790233,-0.12287047338407568,-0.12135361915529877,-0.12559400267909226,0.004963014742326818,50
61.68599979082743,0.6073103896000509,1.1003589630126953,0.006708699290510909,0.001,9,750,0.9,"{'learning_rate': 0.001, 'max_depth': 9, 'n_estimators': 750, 'reg_alpha': 0.9}",-0.1324843179614542,-0.12290981860703486,-0.12151932739716623,-0.12563782132188508,0.004874372002484276,51
81.496480067571,0.19442053484117625,1.618505318959554,0.02441356651084628,0.001,9,1000,0.5,"{'learning_rate': 0.001, 'max_depth': 9, 'n_estimators': 1000, 'reg_alpha': 0.5}",-0.10324606214659734,-0.10150170204209745,-0.09655612683756215,-0.10043463034208565,0.002833465501171491,37
82.44713075955708,1.270763692907814,1.5885070164998372,0.009594742114099865,0.001,9,1000,0.7,"{'learning_rate': 0.001, 'max_depth': 9, 'n_estimators': 1000, 'reg_alpha': 0.7}",-0.10326166946571075,-0.1017358821665588,-0.09681521263526544,-0.100604254755845,0.0027507134667461427,38
81.87002611160278,0.3307247860408314,1.5744468371073406,0.003252576735412294,0.001,9,1000,0.9,"{'learning_rate': 0.001, 'max_depth': 9, 'n_estimators': 1000, 'reg_alpha': 0.9}",-0.10314323350069621,-0.10182380296199788,-0.09696760635996444,-0.10064488094088618,0.002655432857901233,39
22.47488196690877,0.36765317510558104,0.3910788695017497,0.008634292977441588,0.0001,6,500,0.5,"{'learning_rate': 0.0001, 'max_depth': 6, 'n_estimators': 500, 'reg_alpha': 0.5}",-0.32264148284439503,-0.25100870250288015,-0.2777221395253038,-0.2837907749575263,0.029557120483011085,142
22.700918753941853,0.5166318641898652,0.3883768717447917,0.008601525386899928,0.0001,6,500,0.7,"{'learning_rate': 0.0001, 'max_depth': 6, 'n_estimators': 500, 'reg_alpha': 0.7}",-0.32264866422644506,-0.2510067111250207,-0.2777202770998714,-0.2837918841504457,0.029561130675027854,143
23.100670099258423,0.4725063109467636,0.37230372428894043,0.013884416000288414,0.0001,6,500,0.9,"{'learning_rate': 0.0001, 'max_depth': 6, 'n_estimators': 500, 'reg_alpha': 0.9}",-0.3226553650224704,-0.2510049235476498,-0.27771784839849784,-0.2837927123228727,0.029564893817487045,144
35.180854638417564,0.6885139256464826,0.5560383001963297,0.011538313332805113,0.0001,6,750,0.5,"{'learning_rate': 0.0001, 'max_depth': 6, 'n_estimators': 750, 'reg_alpha': 0.5}",-0.3121313049921573,-0.24469814006692206,-0.2694243982233346,-0.2754179477608047,0.027853783824369652,130
35.182405948638916,0.3841182373840646,0.5771516958872477,0.011285088785791708,0.0001,6,750,0.7,"{'learning_rate': 0.0001, 'max_depth': 6, 'n_estimators': 750, 'reg_alpha': 0.7}",-0.3121345842149767,-0.24469706167701635,-0.26942425524065616,-0.2754186337108831,0.0278556312852263,131
37.43188206354777,0.8372082228728684,0.5820054213205973,0.007792173327939116,0.0001,6,750,0.9,"{'learning_rate': 0.0001, 'max_depth': 6, 'n_estimators': 750, 'reg_alpha': 0.9}",-0.31213873896760513,-0.2446951406688812,-0.26942331303555567,-0.275419064224014,0.027858230526546773,132
48.56830128033956,0.7569367903294595,0.7857528527577718,0.02679985300953017,0.0001,6,1000,0.5,"{'learning_rate': 0.0001, 'max_depth': 6, 'n_estimators': 1000, 'reg_alpha': 0.5}",-0.30206466752245836,-0.23858553886463593,-0.2614574861285686,-0.2673692308385543,0.026250225242539997,118
47.64378523826599,0.9074171884844772,0.7673350175221761,0.01965829251255197,0.0001,6,1000,0.7,"{'learning_rate': 0.0001, 'max_depth': 6, 'n_estimators': 1000, 'reg_alpha': 0.7}",-0.3020662047112693,-0.23858483338485062,-0.26145857675982376,-0.2673698716186479,0.026251078473739378,120
47.72181558609009,0.7689644743968101,0.7979791164398193,0.03102433841601182,0.0001,6,1000,0.9,"{'learning_rate': 0.0001, 'max_depth': 6, 'n_estimators': 1000, 'reg_alpha': 0.9}",-0.3020675904692724,-0.23858299440714836,-0.2614587567625975,-0.26736978054633936,0.02625234765275588,119
30.217039585113525,0.6414725271378483,0.5033487478892008,0.025391833287914133,0.0001,7,500,0.5,"{'learning_rate': 0.0001, 'max_depth': 7, 'n_estimators': 500, 'reg_alpha': 0.5}",-0.32196272346794347,-0.25023919176583176,-0.2770612874372394,-0.2830877342236715,0.02958946654479405,141
29.93412168820699,0.49224704237805816,0.5001760323842367,0.006954208608537578,0.0001,7,500,0.7,"{'learning_rate': 0.0001, 'max_depth': 7, 'n_estimators': 500, 'reg_alpha': 0.7}",-0.3219417495571558,-0.2502408396764277,-0.2770671486904577,-0.2830832459746804,0.029579274155293246,139
31.138380845387776,0.5459252981480329,0.49985313415527344,0.016505036990207684,0.0001,7,500,0.9,"{'learning_rate': 0.0001, 'max_depth': 7, 'n_estimators': 500, 'reg_alpha': 0.9}",-0.32193649339491714,-0.2502438769169353,-0.27707776727784045,-0.28308604586323094,0.029575128887118374,140
43.88268597920736,0.7019343520226764,0.732586145401001,0.018369327210430598,0.0001,7,750,0.5,"{'learning_rate': 0.0001, 'max_depth': 7, 'n_estimators': 750, 'reg_alpha': 0.5}",-0.31113819941352455,-0.2435732779697744,-0.26830354361687564,-0.2743383403333915,0.027911392309500734,127
43.845520655314125,0.32105057591792824,0.7206030686696371,0.0028056011783825757,0.0001,7,750,0.7,"{'learning_rate': 0.0001, 'max_depth': 7, 'n_estimators': 750, 'reg_alpha': 0.7}",-0.31112345054937124,-0.24357887533646863,-0.2683144096456325,-0.27433891184382414,0.02790207137143377,128
44.01193960507711,0.190580154122003,0.7243328094482422,0.008780861277985275,0.0001,7,750,0.9,"{'learning_rate': 0.0001, 'max_depth': 7, 'n_estimators': 750, 'reg_alpha': 0.9}",-0.3111074736043267,-0.24358461042931556,-0.26832999058513657,-0.27434069153959295,0.027891822664367023,129
58.47592433293661,1.6944085512142018,0.9639883041381836,0.006669780970083145,0.0001,7,1000,0.5,"{'learning_rate': 0.0001, 'max_depth': 7, 'n_estimators': 1000, 'reg_alpha': 0.5}",-0.30075594103387826,-0.2371178923793025,-0.2600194268534299,-0.2659644200888702,0.026318023197897562,115
58.03970988591512,0.9670287242456335,0.9497857888539633,0.006688038318752567,0.0001,7,1000,0.7,"{'learning_rate': 0.0001, 'max_depth': 7, 'n_estimators': 1000, 'reg_alpha': 0.7}",-0.3007453711820208,-0.23712492707760555,-0.2600350794430136,-0.2659684592342133,0.026309617681508544,116
57.1685585975647,0.20552825692952167,0.9478877385457357,0.008499813947826028,0.0001,7,1000,0.9,"{'learning_rate': 0.0001, 'max_depth': 7, 'n_estimators': 1000, 'reg_alpha': 0.9}",-0.30073507437891417,-0.23713187426365165,-0.26005178218226743,-0.2659729102749444,0.02630128747980409,117
36.06013321876526,0.34479130228735727,0.6254052321116129,0.011390647490243955,0.0001,8,500,0.5,"{'learning_rate': 0.0001, 'max_depth': 8, 'n_estimators': 500, 'reg_alpha': 0.5}",-0.32119973378827743,-0.24952632006281247,-0.276344529780452,-0.28235686121051395,0.029567782643547466,136
36.864705324172974,0.473688386543633,0.6001369953155518,0.01161324692615457,0.0001,8,500,0.7,"{'learning_rate': 0.0001, 'max_depth': 8, 'n_estimators': 500, 'reg_alpha': 0.7}",-0.32119632164601436,-0.2495297780935803,-0.27635473377822056,-0.28236027783927176,0.029564317296251492,137
34.54672328631083,1.254955498030503,0.586747407913208,0.0179197844019982,0.0001,8,500,0.9,"{'learning_rate': 0.0001, 'max_depth': 8, 'n_estimators': 500, 'reg_alpha': 0.9}",-0.3211982735007281,-0.24956372116474945,-0.276373713670706,-0.2823785694453946,0.029551322494378304,138
51.60590410232544,1.3860212195178512,0.8774117628733317,0.018724385206625973,0.0001,8,750,0.5,"{'learning_rate': 0.0001, 'max_depth': 8, 'n_estimators': 750, 'reg_alpha': 0.5}",-0.3100094352775823,-0.2425511102059059,-0.26723328170594923,-0.2732646090631458,0.027868011382661685,124
53.083607117335,0.5507656987240305,0.8927815755208334,0.011828037920988422,0.0001,8,750,0.7,"{'learning_rate': 0.0001, 'max_depth': 8, 'n_estimators': 750, 'reg_alpha': 0.7}",-0.3100169870128679,-0.24255848302350744,-0.2672559183823127,-0.273277129472896,0.027866989759315144,125
53.414071003595986,0.08304869417660385,0.9160200754801432,0.036517797379286746,0.0001,8,750,0.9,"{'learning_rate': 0.0001, 'max_depth': 8, 'n_estimators': 750, 'reg_alpha': 0.9}",-0.3100246869112663,-0.24262822386248256,-0.2672890962036102,-0.27331400232578634,0.027842358954265997,126
71.63928810755412,0.18730046703635497,1.1952830950419109,0.023454410014804923,0.0001,8,1000,0.5,"{'learning_rate': 0.0001, 'max_depth': 8, 'n_estimators': 1000, 'reg_alpha': 0.5}",-0.2993142774546899,-0.23593322117090998,-0.25854665524113696,-0.2645980512889123,0.02622662920909704,112
70.99686201413472,0.8789653112934166,1.1934565703074138,0.05405537107983382,0.0001,8,1000,0.7,"{'learning_rate': 0.0001, 'max_depth': 8, 'n_estimators': 1000, 'reg_alpha': 0.7}",-0.29932179382106994,-0.2359443843376045,-0.2585782610093453,-0.2646148130560066,0.026223449794255414,113
72.13779258728027,1.6499057746105077,1.2467920780181885,0.037720716502206014,0.0001,8,1000,0.9,"{'learning_rate': 0.0001, 'max_depth': 8, 'n_estimators': 1000, 'reg_alpha': 0.9}",-0.29932872930839427,-0.23601546965313125,-0.2586249677229922,-0.2646563888948392,0.026197019462244713,114
45.08522232373556,0.42606542534331704,0.7892715136210123,0.048130492203526706,0.0001,9,500,0.5,"{'learning_rate': 0.0001, 'max_depth': 9, 'n_estimators': 500, 'reg_alpha': 0.5}",-0.3205001720970913,-0.24865660169041193,-0.2758623358540539,-0.28167303654718573,0.029616412500546002,133
45.95064949989319,0.6013717957127105,0.7658829689025879,0.008693533795630159,0.0001,9,500,0.7,"{'learning_rate': 0.0001, 'max_depth': 9, 'n_estimators': 500, 'reg_alpha': 0.7}",-0.32048705217696577,-0.24868901041002386,-0.2759223630939709,-0.28169947522698685,0.029594717646228286,135
45.161367336908974,0.4983867671941589,0.7778724034627279,0.01209493595835852,0.0001,9,500,0.9,"{'learning_rate': 0.0001, 'max_depth': 9, 'n_estimators': 500, 'reg_alpha': 0.9}",-0.32048949561451745,-0.24869780645888215,-0.27590713793868504,-0.28169814667069487,0.02959350710944887,134
66.58209458986919,0.5110210328348586,1.2200086116790771,0.09527380464414037,0.0001,9,750,0.5,"{'learning_rate': 0.0001, 'max_depth': 9, 'n_estimators': 750, 'reg_alpha': 0.5}",-0.3090418867070423,-0.24127126583126746,-0.26653681963641007,-0.27228332405823996,0.02796403640719731,121
67.35312342643738,0.8414057302814875,1.192984660466512,0.00197270194232839,0.0001,9,750,0.7,"{'learning_rate': 0.0001, 'max_depth': 9, 'n_estimators': 750, 'reg_alpha': 0.7}",-0.3090372601061195,-0.24131261490333933,-0.26662230546564725,-0.2723240601583687,0.02794088279317115,123
67.32848699887593,0.1677066403713785,1.1832177639007568,0.010357452150654962,0.0001,9,750,0.9,"{'learning_rate': 0.0001, 'max_depth': 9, 'n_estimators': 750, 'reg_alpha': 0.9}",-0.3090412248353843,-0.2413237760382805,-0.2666020485742674,-0.2723223498159774,0.027939871183418463,122
88.18806648254395,0.5458529615643284,1.748512585957845,0.03907217866041299,0.0001,9,1000,0.5,"{'learning_rate': 0.0001, 'max_depth': 9, 'n_estimators': 1000, 'reg_alpha': 0.5}",-0.29811572751752563,-0.23425621079861803,-0.2576294383066504,-0.263333792207598,0.026380727927327964,109
88.86530995368958,0.34870287515873283,1.7504652341206868,0.04764602505139542,0.0001,9,1000,0.7,"{'learning_rate': 0.0001, 'max_depth': 9, 'n_estimators': 1000, 'reg_alpha': 0.7}",-0.2981044315719004,-0.23430427494646258,-0.2577414419628613,-0.2633833828270748,0.02635006159251576,111
87.91185212135315,0.334435864258472,1.705744981765747,0.014584424118258776,0.0001,9,1000,0.9,"{'learning_rate': 0.0001, 'max_depth': 9, 'n_estimators': 1000, 'reg_alpha': 0.9}",-0.2980945059073909,-0.23430917598369436,-0.2577323064656415,-0.2633786627855756,0.026344551405524053,110
23.89276377360026,0.20266045685526524,0.41246676445007324,0.00512087586971817,0.003,6,500,0.5,"{'learning_rate': 0.003, 'max_depth': 6, 'n_estimators': 500, 'reg_alpha': 0.5}",-0.09138923989284206,-0.10001458814003858,-0.09129691908245335,-0.094233582371778,0.0040879621290242155,36
24.282889286677044,1.0292567324924795,0.40665475527445477,0.003780461023732229,0.003,6,500,0.7,"{'learning_rate': 0.003, 'max_depth': 6, 'n_estimators': 500, 'reg_alpha': 0.7}",-0.09136831473562519,-0.09997961698813886,-0.09127502956981484,-0.09420765376452629,0.004081572011010136,34
24.32422184944153,0.4854235484283072,0.4040110111236572,0.010731735581199827,0.003,6,500,0.9,"{'learning_rate': 0.003, 'max_depth': 6, 'n_estimators': 500, 'reg_alpha': 0.9}",-0.09132004373159754,-0.10003291265205427,-0.09130586242807082,-0.0942196062705742,0.004110632440477585,35
33.60034076372782,0.22351127349921981,0.5867448647816976,0.004415155559838783,0.003,6,750,0.5,"{'learning_rate': 0.003, 'max_depth': 6, 'n_estimators': 750, 'reg_alpha': 0.5}",-0.07003523078853804,-0.08242360211932757,-0.07259734540338407,-0.07501872610374989,0.005339491201070258,26
33.49407847722372,0.12772334468865965,0.5829168955485026,0.004448892195139042,0.003,6,750,0.7,"{'learning_rate': 0.003, 'max_depth': 6, 'n_estimators': 750, 'reg_alpha': 0.7}",-0.06997819417432065,-0.08243114256196768,-0.0726417119175696,-0.07501701621795263,0.0053541593660700725,25
33.374338229497276,0.036131545541551735,0.5906477769215902,0.0026677681204946404,0.003,6,750,0.9,"{'learning_rate': 0.003, 'max_depth': 6, 'n_estimators': 750, 'reg_alpha': 0.9}",-0.06997157930545188,-0.08251901614200521,-0.07258991285660868,-0.07502683610135526,0.005404534452193117,27
41.636653343836464,0.23588427502549325,0.7820990880330404,0.01786610282970718,0.003,6,1000,0.5,"{'learning_rate': 0.003, 'max_depth': 6, 'n_estimators': 1000, 'reg_alpha': 0.5}",-0.058349723211761156,-0.07141726848055235,-0.06118414417001728,-0.06365037862077692,0.005612600057760641,16
41.67250124613444,0.40066090171920127,0.7643293539683024,0.00681863947035354,0.003,6,1000,0.7,"{'learning_rate': 0.003, 'max_depth': 6, 'n_estimators': 1000, 'reg_alpha': 0.7}",-0.05827253888049333,-0.07152337133402177,-0.061199809743365155,-0.06366523998596008,0.005683596272824506,18
41.81608168284098,0.10017652852006509,0.7790819009145101,0.015268647320297757,0.003,6,1000,0.9,"{'learning_rate': 0.003, 'max_depth': 6, 'n_estimators': 1000, 'reg_alpha': 0.9}",-0.05826651990935927,-0.071541517159635,-0.06115966926134287,-0.06365590211011238,0.005699694250581282,17
29.678640683492024,0.9206743402657529,0.4928390185038249,0.007613552696586921,0.003,7,500,0.5,"{'learning_rate': 0.003, 'max_depth': 7, 'n_estimators': 500, 'reg_alpha': 0.5}",-0.08267353879808002,-0.08916511718174788,-0.08122676088447255,-0.08435513895476682,0.0034520727581024454,31
29.340168873469036,0.43554949341382804,0.5013044675191244,0.011938065838518487,0.003,7,500,0.7,"{'learning_rate': 0.003, 'max_depth': 7, 'n_estimators': 500, 'reg_alpha': 0.7}",-0.08268743508465098,-0.08918664570332312,-0.0812023278837599,-0.08435880289057801,0.0034672213195358265,32
28.505042394002277,0.06706317450315483,0.4805702368418376,0.011690695014336068,0.003,7,500,0.9,"{'learning_rate': 0.003, 'max_depth': 7, 'n_estimators': 500, 'reg_alpha': 0.9}",-0.082676324415763,-0.08920248415768936,-0.08127686875208122,-0.08438522577517786,0.0034538966189470444,33
40.14083846410116,0.8098212113178742,0.7263158162434896,0.005553567358336568,0.003,7,750,0.5,"{'learning_rate': 0.003, 'max_depth': 7, 'n_estimators': 750, 'reg_alpha': 0.5}",-0.06086937355126981,-0.07010742194669795,-0.061779450963730755,-0.0642520821538995,0.004156987153457383,19
41.1814161936442,0.8138275367730443,0.7380381425221761,0.011957894861419073,0.003,7,750,0.7,"{'learning_rate': 0.003, 'max_depth': 7, 'n_estimators': 750, 'reg_alpha': 0.7}",-0.06093874660795104,-0.07015640093680946,-0.061781703165726135,-0.0642922835701622,0.004160813086159514,21
40.337177753448486,0.5882626918856461,0.6981684366861979,0.031200673137678225,0.003,7,750,0.9,"{'learning_rate': 0.003, 'max_depth': 7, 'n_estimators': 750, 'reg_alpha': 0.9}",-0.06092991807793531,-0.0701757710045021,-0.061768162341660784,-0.06429128380803273,0.004175009423979475,20
51.93927828470866,1.3433564188137126,1.0797995726267497,0.16514002012471088,0.003,7,1000,0.5,"{'learning_rate': 0.003, 'max_depth': 7, 'n_estimators': 1000, 'reg_alpha': 0.5}",-0.04958430250115235,-0.05926170387737849,-0.05018858351904839,-0.05301152996585975,0.004426420248938526,10
54.75356276830038,1.3829158428457267,0.9781212011973063,0.0647928112492898,0.003,7,1000,0.7,"{'learning_rate': 0.003, 'max_depth': 7, 'n_estimators': 1000, 'reg_alpha': 0.7}",-0.049655033786992944,-0.059248370392541896,-0.050229428942247856,-0.053044277707260896,0.004393218788410381,11
53.651641289393105,2.3388387069775893,0.9708919525146484,0.0440200447660192,0.003,7,1000,0.9,"{'learning_rate': 0.003, 'max_depth': 7, 'n_estimators': 1000, 'reg_alpha': 0.9}",-0.04961640571717319,-0.059307179478096314,-0.05022060635318767,-0.05304806384948573,0.004432731358231858,12
39.18197456995646,0.929144615267883,0.6329824129740397,0.023159610491853406,0.003,8,500,0.5,"{'learning_rate': 0.003, 'max_depth': 8, 'n_estimators': 500, 'reg_alpha': 0.5}",-0.07502506583079882,-0.08082744985781605,-0.0735229132122381,-0.07645847630028431,0.003149609825800733,28
38.987518548965454,0.2944582120030029,0.7088766098022461,0.10748700090620222,0.003,8,500,0.7,"{'learning_rate': 0.003, 'max_depth': 8, 'n_estimators': 500, 'reg_alpha': 0.7}",-0.0749384673289135,-0.08089733031148799,-0.0736323391547804,-0.0764893789317273,0.00316217427588115,29
36.11787978808085,0.6099580983439207,0.6570932865142822,0.05248053439955617,0.003,8,500,0.9,"{'learning_rate': 0.003, 'max_depth': 8, 'n_estimators': 500, 'reg_alpha': 0.9}",-0.07497294819003247,-0.08096463574034773,-0.07370843147860894,-0.07654867180299639,0.003164943785741763,30
48.73115158081055,1.0708068905459562,0.9153409004211426,0.031187908478849818,0.003,8,750,0.5,"{'learning_rate': 0.003, 'max_depth': 8, 'n_estimators': 750, 'reg_alpha': 0.5}",-0.05261034931987579,-0.06053472217694695,-0.052770412331572786,-0.05530516127613184,0.003698435295583702,13
50.7602489789327,1.1625025868413712,0.9147265752156576,0.05708951947397272,0.003,8,750,0.7,"{'learning_rate': 0.003, 'max_depth': 8, 'n_estimators': 750, 'reg_alpha': 0.7}",-0.0525813812450831,-0.06060442397320378,-0.052879380783462215,-0.05535506200058304,0.0037138526062043373,14
47.99955344200134,0.9962372448506873,0.8434789180755615,0.011855024831095103,0.003,8,750,0.9,"{'learning_rate': 0.003, 'max_depth': 8, 'n_estimators': 750, 'reg_alpha': 0.9}",-0.05257817788514105,-0.06065604819741626,-0.05297695909247847,-0.0554037283916786,0.003717517461885866,15
61.07873797416687,0.9687289326786068,1.1192029317220051,0.04847125150247581,0.003,8,1000,0.5,"{'learning_rate': 0.003, 'max_depth': 8, 'n_estimators': 1000, 'reg_alpha': 0.5}",-0.04183567595989021,-0.04961238435572403,-0.04163667592024548,-0.044361578745286574,0.00371376896812351,4
67.80268891652425,1.6405502298761006,1.272900660832723,0.0459390715307868,0.003,8,1000,0.7,"{'learning_rate': 0.003, 'max_depth': 8, 'n_estimators': 1000, 'reg_alpha': 0.7}",-0.04180905863857275,-0.0496688510661555,-0.0417431061999873,-0.04440700530157185,0.003720784242489657,5
68.66094485918681,0.553080782106545,1.2920304139455159,0.013658233712967854,0.003,8,1000,0.9,"{'learning_rate': 0.003, 'max_depth': 8, 'n_estimators': 1000, 'reg_alpha': 0.9}",-0.0418429712074027,-0.04973523671320148,-0.04185157293917173,-0.04447659361992531,0.003718423849275683,6
47.09324288368225,0.1894758097845843,0.8450315793355306,0.01332165382810078,0.003,9,500,0.5,"{'learning_rate': 0.003, 'max_depth': 9, 'n_estimators': 500, 'reg_alpha': 0.5}",-0.06874658452514208,-0.07450829329638153,-0.06751086157770239,-0.07025524646640867,0.003049377893293858,22
47.20148253440857,0.26871910288090506,0.8522698879241943,0.031912050101712504,0.003,9,500,0.7,"{'learning_rate': 0.003, 'max_depth': 9, 'n_estimators': 500, 'reg_alpha': 0.7}",-0.06878300253343103,-0.07473694841849729,-0.06765496554620584,-0.07039163883271139,0.003106917379909885,23
47.203821341196694,0.43664715917961916,0.8252813816070557,0.006746887640102639,0.003,9,500,0.9,"{'learning_rate': 0.003, 'max_depth': 9, 'n_estimators': 500, 'reg_alpha': 0.9}",-0.0687246891851823,-0.07485615817617852,-0.06790481635760674,-0.07049522123965586,0.0031017603697035176,24
68.91914383570354,0.4003162527959847,1.3366847038269043,0.02561688594868998,0.003,9,750,0.5,"{'learning_rate': 0.003, 'max_depth': 9, 'n_estimators': 750, 'reg_alpha': 0.5}",-0.0465416884914746,-0.05447037991034056,-0.04623653761640262,-0.049082868672739255,0.003811582109448299,7
68.38958779970805,0.44446660101419105,1.3617583910624187,0.028820268334740842,0.003,9,750,0.7,"{'learning_rate': 0.003, 'max_depth': 9, 'n_estimators': 750, 'reg_alpha': 0.7}",-0.046533898830075034,-0.0546738478598575,-0.04637617544370434,-0.049194640711212295,0.0038749195604533206,8
68.32017509142558,0.2609373201834445,1.3311285177866619,0.03761676900949503,0.003,9,750,0.9,"{'learning_rate': 0.003, 'max_depth': 9, 'n_estimators': 750, 'reg_alpha': 0.9}",-0.04651722399353043,-0.05477466752727526,-0.04658251737083005,-0.04929146963054524,0.0038772980443695683,9
89.92891192436218,1.6609278193301653,1.9017528692881267,0.02397985243465501,0.003,9,1000,0.5,"{'learning_rate': 0.003, 'max_depth': 9, 'n_estimators': 1000, 'reg_alpha': 0.5}",-0.036543347050462444,-0.04451141167162892,-0.03587716254045607,-0.03897730708751581,0.0039226424436655275,1
88.93241779009502,0.3616625790224577,1.8985497156778972,0.026407642934708722,0.003,9,1000,0.7,"{'learning_rate': 0.003, 'max_depth': 9, 'n_estimators': 1000, 'reg_alpha': 0.7}",-0.036568047108380033,-0.04472962017769244,-0.03605737618365693,-0.03911834782324314,0.003973242108169321,2
87.97877740859985,0.2831612245562072,1.8767181237538655,0.017881514948679268,0.003,9,1000,0.9,"{'learning_rate': 0.003, 'max_depth': 9, 'n_estimators': 1000, 'reg_alpha': 0.9}",-0.03655343677283634,-0.04487263662164145,-0.0362153365084021,-0.039213803300959964,0.004003779369599338,3
25.960140466690063,0.3001179425443302,0.43102359771728516,0.010218357348548547,0.0003,6,500,0.5,"{'learning_rate': 0.0003, 'max_depth': 6, 'n_estimators': 500, 'reg_alpha': 0.5}",-0.28326286490138314,-0.22704347303831215,-0.24644432685212148,-0.25225022159727223,0.0233157502661071,106
26.144811391830444,0.2245184658165769,0.4286035696665446,0.018738517798068295,0.0003,6,500,0.7,"{'learning_rate': 0.0003, 'max_depth': 6, 'n_estimators': 500, 'reg_alpha': 0.7}",-0.28326673542448005,-0.2270391530307526,-0.24644680678670564,-0.2522508984139794,0.02331881736815706,107
26.564321676890057,0.8230267483440447,0.4259145259857178,0.01442157919963518,0.0003,6,500,0.9,"{'learning_rate': 0.0003, 'max_depth': 6, 'n_estimators': 500, 'reg_alpha': 0.9}",-0.28326882906393613,-0.2270407258409908,-0.24645046938524962,-0.25225334143005884,0.023318874915525263,108
38.10983920097351,0.632344982191153,0.629779577255249,0.012526620315744946,0.0003,6,750,0.5,"{'learning_rate': 0.0003, 'max_depth': 6, 'n_estimators': 750, 'reg_alpha': 0.5}",-0.2581098826335935,-0.21152941103979211,-0.22625615061511756,-0.23196514809616775,0.01944015728081459,94
38.691776831944786,0.2446485903400232,0.6051910718282064,0.0051712805371629525,0.0003,6,750,0.7,"{'learning_rate': 0.0003, 'max_depth': 6, 'n_estimators': 750, 'reg_alpha': 0.7}",-0.2581109982042191,-0.2115308944126288,-0.22625998627066468,-0.2319672929625042,0.019439762165295284,95
37.912680784861244,0.40822797850633175,0.6145242849985758,0.0051227853935378485,0.0003,6,750,0.9,"{'learning_rate': 0.0003, 'max_depth': 6, 'n_estimators': 750, 'reg_alpha': 0.9}",-0.25811816820667094,-0.21153223061438178,-0.22626615183580237,-0.23197218355228502,0.019441904807233516,96
50.19220487276713,0.7770932304766376,0.8014439741770426,0.010247277570534367,0.0003,6,1000,0.5,"{'learning_rate': 0.0003, 'max_depth': 6, 'n_estimators': 1000, 'reg_alpha': 0.5}",-0.2361034650323566,-0.19783583532546664,-0.20846541408078487,-0.21413490481286937,0.016128860565599083,83
50.71894391377767,0.3681113541242735,0.8084729512532552,0.009309891787506542,0.0003,6,1000,0.7,"{'learning_rate': 0.0003, 'max_depth': 6, 'n_estimators': 1000, 'reg_alpha': 0.7}",-0.23610163998652495,-0.19783528980966622,-0.20846774448524455,-0.21413489142714523,0.016127942724979208,82
53.54728762308756,4.402597426102536,0.8041636149088541,0.00859139102855339,0.0003,6,1000,0.9,"{'learning_rate': 0.0003, 'max_depth': 6, 'n_estimators': 1000, 'reg_alpha': 0.9}",-0.23610399418643416,-0.19784023212924842,-0.20847989123051558,-0.21414137251539941,0.01612592425147675,84
32.68109448750814,0.43121955010581975,0.5397904713948568,0.03464403202493,0.0003,7,500,0.5,"{'learning_rate': 0.0003, 'max_depth': 7, 'n_estimators': 500, 'reg_alpha': 0.5}",-0.28144299078438295,-0.22496397553792602,-0.2444502373722546,-0.25028573456485453,0.023423770852362916,103
32.13760590553284,1.0575011295686887,0.522296667098999,0.016105460436880412,0.0003,7,500,0.7,"{'learning_rate': 0.0003, 'max_depth': 7, 'n_estimators': 500, 'reg_alpha': 0.7}",-0.2814278128914812,-0.22497663377178242,-0.24447855068414062,-0.25029433244913474,0.023410131626493233,104
33.351714293162026,0.580084313899613,0.5326372782389323,0.00985782050155877,0.0003,7,500,0.9,"{'learning_rate': 0.0003, 'max_depth': 7, 'n_estimators': 500, 'reg_alpha': 0.9}",-0.28140789529526616,-0.2249841450196824,-0.24449663218124096,-0.2502962241653965,0.023397098811282435,105
49.46437215805054,0.26931152687567683,0.8082533677419027,0.025053452287904593,0.0003,7,750,0.5,"{'learning_rate': 0.0003, 'max_depth': 7, 'n_estimators': 750, 'reg_alpha': 0.5}",-0.2555694560920044,-0.20862236199574238,-0.22349928342433373,-0.22923036717069353,0.019589817111646913,91
49.408700386683144,0.45032247634200445,0.8109926382700602,0.03193597322812932,0.0003,7,750,0.7,"{'learning_rate': 0.0003, 'max_depth': 7, 'n_estimators': 750, 'reg_alpha': 0.7}",-0.2555593580862222,-0.20863798204369044,-0.2235347646646571,-0.22924403493152323,0.019576358320965624,92
48.84407663345337,1.0311285314604632,0.7772514820098877,0.027502796046170973,0.0003,7,750,0.9,"{'learning_rate': 0.0003, 'max_depth': 7, 'n_estimators': 750, 'reg_alpha': 0.9}",-0.2555382992863935,-0.20865047439626255,-0.22356768432468568,-0.22925215266911392,0.019559344160801174,93
66.85299030939738,2.1106802903308255,1.1126888593037922,0.06149074455307436,0.0003,7,1000,0.5,"{'learning_rate': 0.0003, 'max_depth': 7, 'n_estimators': 1000, 'reg_alpha': 0.5}",-0.23286986482519823,-0.194219131601371,-0.20498665545203085,-0.21069188395953334,0.01628664112960844,79
63.77842895189921,0.8677565769607626,1.030448357264201,0.003816620879814065,0.0003,7,1000,0.7,"{'learning_rate': 0.0003, 'max_depth': 7, 'n_estimators': 1000, 'reg_alpha': 0.7}",-0.23286718755447833,-0.194236043616244,-0.20502550998585814,-0.2107095803855268,0.016275192015773314,80
64.91683554649353,0.4116173704345352,1.0664002895355225,0.037882090043771216,0.0003,7,1000,0.9,"{'learning_rate': 0.0003, 'max_depth': 7, 'n_estimators': 1000, 'reg_alpha': 0.9}",-0.23285298022254958,-0.19425120294221798,-0.2050668685822061,-0.21072368391565788,0.016258822673401303,81
40.07453219095866,0.39516511559083606,0.6825251579284668,0.03138184466909931,0.0003,8,500,0.5,"{'learning_rate': 0.0003, 'max_depth': 8, 'n_estimators': 500, 'reg_alpha': 0.5}",-0.2793863849073324,-0.22299838899445562,-0.24231644939616923,-0.2482337410993191,0.023397468190565367,100
39.910934130350746,0.9500755178107644,0.664546012878418,0.015374845027442194,0.0003,8,500,0.7,"{'learning_rate': 0.0003, 'max_depth': 8, 'n_estimators': 500, 'reg_alpha': 0.7}",-0.2793780364942022,-0.22301271200004913,-0.2423848748690969,-0.2482585411211161,0.023382862923700825,101
38.411826610565186,0.5848820364719761,0.6402105490366617,0.013006311932221905,0.0003,8,500,0.9,"{'learning_rate': 0.0003, 'max_depth': 8, 'n_estimators': 500, 'reg_alpha': 0.9}",-0.2793695516144085,-0.2230888941873727,-0.24244361270939008,-0.24830068617039044,0.02334676397634165,102
60.468692700068154,1.560754677507917,1.0062920252482097,0.029360960570576227,0.0003,8,750,0.5,"{'learning_rate': 0.0003, 'max_depth': 8, 'n_estimators': 750, 'reg_alpha': 0.5}",-0.25266715676882895,-0.20568320525817244,-0.2206589679005917,-0.2263364433091977,0.01959673816651511,88
58.635611136754356,0.6393122006264946,0.9693538347880045,0.01652180328651097,0.0003,8,750,0.7,"{'learning_rate': 0.0003, 'max_depth': 8, 'n_estimators': 750, 'reg_alpha': 0.7}",-0.25265648895348186,-0.20569427759251188,-0.22073384728309406,-0.22636153794302927,0.01958086652153144,89
58.20447929700216,0.797128713563193,0.9782952467600504,0.017025876068595736,0.0003,8,750,0.9,"{'learning_rate': 0.0003, 'max_depth': 8, 'n_estimators': 750, 'reg_alpha': 0.9}",-0.25267768343554614,-0.20575068187798556,-0.2208144239895914,-0.22641426310104104,0.019562796619287576,90
77.18723853429158,1.093836733449478,1.3196698824564617,0.032848515872919766,0.0003,8,1000,0.5,"{'learning_rate': 0.0003, 'max_depth': 8, 'n_estimators': 1000, 'reg_alpha': 0.5}",-0.2294127282583109,-0.1904149802769738,-0.20163178662330808,-0.20715316505286427,0.016392484085209033,76
78.59088206291199,0.5779626250004807,1.3288341363271077,0.014001335154780246,0.0003,8,1000,0.7,"{'learning_rate': 0.0003, 'max_depth': 8, 'n_estimators': 1000, 'reg_alpha': 0.7}",-0.2294066902855794,-0.19042439829226426,-0.20173112316511946,-0.20718740391432103,0.016375449550543663,77
78.61977378527324,0.988476342904572,1.3578821818033855,0.02352114894061249,0.0003,8,1000,0.9,"{'learning_rate': 0.0003, 'max_depth': 8, 'n_estimators': 1000, 'reg_alpha': 0.9}",-0.22943035584503835,-0.19048037425887493,-0.2018243995070015,-0.20724504320363826,0.01635670708415018,78
51.23264869054159,0.26710161832296375,0.8847916126251221,0.02179662214005779,0.0003,9,500,0.5,"{'learning_rate': 0.0003, 'max_depth': 9, 'n_estimators': 500, 'reg_alpha': 0.5}",-0.27776724624595417,-0.22109679024738277,-0.2408786235946662,-0.24658088669600106,0.023484349386050533,97
50.642811139424644,0.2985730455920012,0.9049537976582845,0.01873249834893906,0.0003,9,500,0.7,"{'learning_rate': 0.0003, 'max_depth': 9, 'n_estimators': 500, 'reg_alpha': 0.7}",-0.27775601017665774,-0.2211412912482984,-0.241024468736023,-0.2466405900536597,0.023451541723663465,98
50.23192056020101,0.3738792750293605,0.8713235855102539,0.02314859273427914,0.0003,9,500,0.9,"{'learning_rate': 0.0003, 'max_depth': 9, 'n_estimators': 500, 'reg_alpha': 0.9}",-0.27776254337709405,-0.2211580772572854,-0.24105080602643725,-0.24665714222027224,0.0234462456172393,99
74.88431215286255,0.27051205763531483,1.3986400763193767,0.056872671430252236,0.0003,9,750,0.5,"{'learning_rate': 0.0003, 'max_depth': 9, 'n_estimators': 750, 'reg_alpha': 0.5}",-0.2504634058835252,-0.2028550286233826,-0.21838321592002935,-0.22390055014231236,0.01982372533146916,85
74.21782000859578,1.1321270852361913,1.3988109429677327,0.02441211115324657,0.0003,9,750,0.7,"{'learning_rate': 0.0003, 'max_depth': 9, 'n_estimators': 750, 'reg_alpha': 0.7}",-0.25046173759122436,-0.20290646509657814,-0.21857801387241266,-0.2239820721867384,0.01978684529695573,86
74.60667538642883,0.19899338279411607,1.397862195968628,0.01954753492111327,0.0003,9,750,0.9,"{'learning_rate': 0.0003, 'max_depth': 9, 'n_estimators': 750, 'reg_alpha': 0.9}",-0.25046595035934327,-0.2029336724405332,-0.21862824810681514,-0.22400929030223052,0.019774496577989548,87
100.32138593991597,1.5548446060124204,1.9935218493143718,0.022551145581533514,0.0003,9,1000,0.5,"{'learning_rate': 0.0003, 'max_depth': 9, 'n_estimators': 1000, 'reg_alpha': 0.5}",-0.2266445172501762,-0.18682862545887938,-0.19880452824802847,-0.2040925569856947,0.016679303457316042,73
97.87495636940002,0.9298210084674993,1.998436450958252,0.04288434422980854,0.0003,9,1000,0.7,"{'learning_rate': 0.0003, 'max_depth': 9, 'n_estimators': 1000, 'reg_alpha': 0.7}",-0.22669606252123262,-0.18688916590867588,-0.19902536875426133,-0.2042035323947233,0.01665847709118387,74
97.95057312647502,0.5490365698583237,1.9582298596700032,0.03142969076255875,0.0003,9,1000,0.9,"{'learning_rate': 0.0003, 'max_depth': 9, 'n_estimators': 1000, 'reg_alpha': 0.9}",-0.22670374053202544,-0.1869367920749079,-0.1990866225647405,-0.2042423850572246,0.016639089769915103,75
